1700253838.206111	107.000000	11.718750	-23.437500	-28.320312	0.000000
1700253838.207464	107.000000	5.859375	-19.531250	-21.972656	-15.136719
1700253838.208816	107.000000	80.078125	-19.531250	-18.066406	2.929688
1700253838.210169	107.000000	116.210938	-24.902344	-17.578125	22.949219
1700253838.211521	107.000000	42.480469	-26.855469	-22.460938	-0.488281
1700253838.212874	107.000000	-4.394531	-31.738281	-24.414062	-14.160156
1700253838.214226	107.000000	40.039062	-27.343750	-22.949219	-3.906250
1700253838.215579	107.000000	104.492188	-23.925781	-20.019531	-11.718750
1700253838.216931	107.000000	45.410156	-33.203125	-14.160156	-11.230469
1700253838.218284	107.000000	3.906250	-31.250000	-14.160156	18.066406
1700253838.219636	107.000000	45.410156	-25.878906	-20.019531	6.347656
1700253838.220989	107.000000	99.121094	-17.578125	-27.832031	3.906250
1700253838.224739	108.000000	72.753906	-17.089844	-20.507812	15.625000
1700253838.228490	108.000000	-35.644531	-25.390625	-12.695312	21.484375
1700253838.232241	108.000000	-5.371094	-22.949219	-16.601562	-1.953125
1700253838.235991	108.000000	98.632812	-23.437500	-14.160156	-48.828125
1700253838.239742	108.000000	79.101562	-27.343750	-10.253906	-41.992188
1700253838.243493	108.000000	-30.273438	-23.925781	-10.742188	-39.062500
1700253838.247243	108.000000	-20.019531	-24.414062	-18.554688	-34.667969
1700253838.250994	108.000000	53.710938	-21.972656	-25.878906	-25.878906
1700253838.254745	108.000000	83.007812	-18.554688	-20.507812	-43.945312
1700253838.258495	108.000000	28.808594	-22.460938	-12.207031	-46.386719
1700253838.262246	108.000000	-0.488281	-22.949219	-24.902344	-46.386719
1700253838.265996	108.000000	78.125000	-19.531250	-26.367188	-33.691406
1700253838.269738	109.000000	110.351562	-23.925781	-18.554688	-16.113281
1700253838.273479	109.000000	37.109375	-22.949219	-28.808594	-40.527344
1700253838.277220	109.000000	-13.183594	-10.253906	-31.250000	-39.550781
1700253838.280961	109.000000	54.199219	-13.183594	-26.367188	-10.253906
1700253838.284703	109.000000	118.652344	-17.578125	-23.437500	-30.761719
1700253838.288444	109.000000	83.007812	-15.136719	-21.972656	-79.101562
1700253838.292185	109.000000	17.578125	-15.136719	-22.460938	-63.964844
1700253838.295926	109.000000	46.875000	-11.230469	-27.343750	-29.785156
1700253838.299667	109.000000	117.187500	-12.695312	-32.714844	-17.578125
1700253838.303409	109.000000	110.839844	-14.160156	-30.273438	-20.019531
1700253838.307150	109.000000	24.414062	-10.742188	-29.785156	-6.835938
1700253838.310891	109.000000	4.882812	-12.207031	-28.808594	-37.597656
1700253838.315740	110.000000	83.496094	-9.765625	-21.972656	-27.343750
1700253838.320589	110.000000	136.718750	-8.300781	-21.484375	-22.949219
1700253838.325438	110.000000	68.359375	-8.300781	-28.320312	-33.691406
1700253838.330287	110.000000	27.343750	0.000000	-27.343750	-8.300781
1700253838.335136	110.000000	79.101562	-4.394531	-17.578125	-10.253906
1700253838.339985	110.000000	125.488281	-11.718750	-12.695312	-8.789062
1700253838.344834	110.000000	102.539062	-13.671875	-21.484375	-32.714844
1700253838.349684	110.000000	24.902344	-19.042969	-24.414062	-31.250000
1700253838.354532	110.000000	49.316406	-17.089844	-16.113281	-21.972656
1700253838.359381	110.000000	131.835938	-13.183594	-12.695312	-16.601562
1700253838.364231	110.000000	93.750000	-14.160156	-18.066406	-33.691406
1700253838.369080	110.000000	-5.859375	-15.625000	-20.996094	-55.664062
1700253838.371851	111.000000	7.812500	-18.066406	-17.089844	-39.062500
1700253838.374622	111.000000	98.632812	-16.601562	-20.507812	-16.113281
1700253838.377393	111.000000	105.957031	-21.972656	-16.601562	-41.015625
1700253838.380164	111.000000	10.253906	-19.531250	-15.625000	-50.292969
1700253838.382935	111.000000	-33.691406	-14.160156	-20.996094	-39.062500
1700253838.385706	111.000000	50.781250	-18.554688	-17.578125	-13.183594
1700253838.388477	111.000000	108.886719	-16.601562	-19.042969	-35.644531
1700253838.391248	111.000000	40.039062	-7.812500	-19.531250	-47.851562
1700253838.394020	111.000000	-8.789062	-13.671875	-15.625000	-2.441406
1700253838.396791	111.000000	50.292969	-18.066406	-17.089844	-25.878906
1700253838.399562	111.000000	104.980469	-12.207031	-17.578125	-43.457031
1700253838.402333	111.000000	90.332031	-11.230469	-17.578125	-42.968750
1700253838.408356	112.000000	0.000000	-9.277344	-16.601562	-48.828125
1700253838.414379	112.000000	46.875000	-11.718750	-17.578125	-4.882812
1700253838.420402	112.000000	131.835938	-5.859375	-21.972656	-4.394531
1700253838.426425	112.000000	72.265625	-7.324219	-16.113281	-50.292969
1700253838.432448	112.000000	5.371094	-14.648438	-18.554688	-41.503906
1700253838.438471	112.000000	7.812500	-9.277344	-22.949219	-38.085938
1700253838.444494	112.000000	85.937500	-3.906250	-18.554688	-32.226562
1700253838.450517	112.000000	104.492188	-3.906250	-25.878906	-19.042969
1700253838.456540	112.000000	21.484375	-8.300781	-25.878906	-28.808594
1700253838.462563	112.000000	-0.488281	-4.882812	-22.460938	-7.812500
1700253838.468586	112.000000	77.148438	-5.859375	-25.878906	8.300781
1700253838.474609	112.000000	123.535156	-6.835938	-25.878906	-13.671875
1700253838.477228	113.000000	52.246094	-7.812500	-24.414062	-45.410156
1700253838.479847	113.000000	-12.695312	-7.812500	-26.855469	-57.617188
1700253838.482466	113.000000	36.621094	-4.882812	-28.320312	-41.503906
1700253838.485085	113.000000	123.046875	-2.441406	-23.437500	-30.273438
1700253838.487704	113.000000	68.847656	-4.882812	-23.437500	-41.015625
1700253838.490323	113.000000	-3.417969	-2.441406	-25.390625	-27.343750
1700253838.492942	113.000000	19.042969	-4.882812	-20.507812	2.929688
1700253838.495561	113.000000	64.941406	-15.625000	-17.578125	12.695312
1700253838.498180	113.000000	66.406250	-19.531250	-22.460938	-11.718750
1700253838.500799	113.000000	-3.906250	-19.042969	-29.296875	-20.507812
1700253838.503418	113.000000	0.000000	-20.996094	-21.484375	-30.273438
1700253838.506037	113.000000	66.406250	-19.042969	-13.183594	-15.625000
1700253838.509781	114.000000	95.214844	-14.648438	-24.414062	-10.253906
1700253838.513526	114.000000	0.976562	-12.695312	-30.761719	-16.601562
1700253838.517271	114.000000	-42.480469	-10.742188	-21.484375	-4.882812
1700253838.521015	114.000000	50.781250	-12.695312	-19.531250	-2.929688
1700253838.524760	114.000000	81.542969	-14.160156	-22.460938	-36.132812
1700253838.528505	114.000000	20.996094	-9.765625	-21.484375	-44.921875
1700253838.532249	114.000000	-38.085938	-15.136719	-20.507812	-38.085938
1700253838.535994	114.000000	1.464844	-12.695312	-23.925781	-14.160156
1700253838.539739	114.000000	63.964844	-5.859375	-20.019531	7.812500
1700253838.543483	114.000000	44.921875	-5.859375	-16.113281	-20.507812
1700253838.547228	114.000000	-25.390625	-11.718750	-14.160156	-18.554688
1700253838.550973	114.000000	-23.925781	-13.183594	-16.601562	-11.718750
1700253838.554772	115.000000	48.339844	-6.835938	-28.320312	-27.832031
1700253838.558571	115.000000	56.640625	-13.671875	-29.785156	-65.917969
1700253838.562370	115.000000	-19.042969	-20.019531	-28.320312	-60.058594
1700253838.566169	115.000000	-41.992188	-13.671875	-29.296875	-31.738281
1700253838.569968	115.000000	26.855469	-11.718750	-27.832031	-14.648438
1700253838.573766	115.000000	56.640625	-16.601562	-27.343750	-41.503906
1700253838.577565	115.000000	-15.136719	-9.765625	-32.714844	-64.453125
1700253838.581364	115.000000	-65.917969	-7.812500	-30.761719	-30.273438
1700253838.585163	115.000000	-5.371094	-15.136719	-30.273438	-19.531250
1700253838.588962	115.000000	59.570312	-16.113281	-30.761719	-27.832031
1700253838.592761	115.000000	22.949219	-20.996094	-26.367188	6.835938
1700253838.596560	115.000000	-58.105469	-21.972656	-30.761719	-3.906250
1700253838.600276	116.000000	-37.597656	-18.066406	-32.226562	-35.644531
1700253838.603991	116.000000	32.226562	-15.625000	-28.320312	-19.042969
1700253838.607707	116.000000	34.179688	-13.183594	-26.855469	-11.718750
1700253838.611422	116.000000	-14.160156	-12.207031	-29.296875	-29.296875
1700253838.615138	116.000000	-8.300781	-19.042969	-24.414062	-36.132812
1700253838.618853	116.000000	46.386719	-18.066406	-22.949219	-14.160156
1700253838.622568	116.000000	55.175781	-18.066406	-25.390625	-34.667969
1700253838.626284	116.000000	-7.324219	-28.320312	-23.437500	-41.992188
1700253838.629999	116.000000	-33.203125	-24.414062	-26.367188	-32.226562
1700253838.633715	116.000000	18.066406	-17.578125	-28.320312	-28.320312
1700253838.637430	116.000000	69.824219	-17.578125	-25.878906	-28.320312
1700253838.641146	116.000000	-13.671875	-20.019531	-21.484375	-40.527344
1700253838.646186	117.000000	-67.871094	-24.902344	-24.414062	-46.875000
1700253838.651226	117.000000	28.320312	-26.367188	-24.414062	-17.578125
1700253838.656265	117.000000	45.410156	-24.414062	-19.042969	-32.226562
1700253838.661305	117.000000	-21.972656	-19.042969	-20.507812	-60.058594
1700253838.666345	117.000000	-50.292969	-14.160156	-22.460938	-39.550781
1700253838.671385	117.000000	-20.019531	-12.695312	-15.625000	-17.578125
1700253838.676424	117.000000	49.316406	-11.230469	-17.089844	-44.433594
1700253838.681464	117.000000	32.226562	-16.601562	-19.531250	-60.546875
1700253838.686504	117.000000	-59.570312	-18.554688	-20.996094	-56.152344
1700253838.691544	117.000000	-44.921875	-13.671875	-27.343750	-53.222656
1700253838.696584	117.000000	14.160156	-9.765625	-22.460938	-34.179688
1700253838.701623	117.000000	51.757812	-13.183594	-18.066406	-30.761719
1700253838.705189	118.000000	-3.906250	-11.230469	-22.949219	-43.457031
1700253838.708755	118.000000	-61.523438	-11.230469	-26.855469	-57.617188
1700253838.712322	118.000000	27.343750	-20.019531	-25.390625	-31.250000
1700253838.715888	118.000000	82.031250	-18.554688	-22.949219	-9.277344
1700253838.719454	118.000000	6.347656	-14.160156	-20.507812	-20.507812
1700253838.723020	118.000000	-39.550781	-14.648438	-24.414062	-29.296875
1700253838.726586	118.000000	17.578125	-17.089844	-28.320312	-4.394531
1700253838.730152	118.000000	61.523438	-17.089844	-26.367188	-6.347656
1700253838.733718	118.000000	32.714844	-12.207031	-25.878906	-48.828125
1700253838.737284	118.000000	-32.226562	-17.089844	-30.273438	-55.664062
1700253838.740850	118.000000	-15.625000	-21.484375	-26.367188	-28.808594
1700253838.744416	118.000000	60.546875	-22.460938	-17.089844	10.742188
1700253838.748238	119.000000	45.410156	-19.042969	-23.437500	-27.832031
1700253838.752059	119.000000	-35.156250	-17.578125	-26.855469	-35.644531
1700253838.755879	119.000000	-31.250000	-22.460938	-23.437500	-27.343750
1700253838.759701	119.000000	46.875000	-19.042969	-31.738281	-37.597656
1700253838.763522	119.000000	77.148438	-19.042969	-32.226562	-32.226562
1700253838.767343	119.000000	4.882812	-19.531250	-26.855469	-9.765625
1700253838.771163	119.000000	-31.250000	-15.136719	-26.367188	-9.277344
1700253838.774985	119.000000	24.414062	-19.042969	-28.320312	-28.808594
1700253838.778806	119.000000	73.730469	-20.019531	-32.226562	-23.437500
1700253838.782627	119.000000	16.601562	-17.578125	-31.250000	-21.484375
1700253838.786448	119.000000	-41.015625	-19.042969	-25.390625	0.976562
1700253838.790269	119.000000	39.550781	-17.578125	-30.761719	2.929688
1700253838.794059	120.000000	77.636719	-16.601562	-34.667969	0.976562
1700253838.797849	120.000000	14.648438	-18.066406	-29.785156	-28.808594
1700253838.801639	120.000000	-50.781250	-23.925781	-25.878906	-46.386719
1700253838.805429	120.000000	-26.855469	-30.273438	-31.250000	-39.550781
1700253838.809219	120.000000	46.875000	-19.042969	-36.621094	-53.710938
1700253838.813009	120.000000	35.644531	-18.066406	-30.761719	-45.898438
1700253838.816799	120.000000	-59.570312	-29.785156	-22.460938	-45.410156
1700253838.820589	120.000000	-35.644531	-24.414062	-25.390625	-25.878906
1700253838.824379	120.000000	30.761719	-23.925781	-40.039062	-19.531250
1700253838.828169	120.000000	55.664062	-37.109375	-39.062500	-32.226562
1700253838.831959	120.000000	0.000000	-33.203125	-32.714844	-31.250000
1700253838.835749	120.000000	-75.195312	-21.972656	-34.667969	-52.246094
1700253838.839513	121.000000	-18.554688	-26.855469	-29.785156	-62.988281
1700253838.843277	121.000000	36.132812	-30.761719	-24.902344	-93.261719
1700253838.847042	121.000000	-23.437500	-26.855469	-25.390625	-97.656250
1700253838.850806	121.000000	-107.421875	-21.484375	-27.343750	-83.007812
1700253838.854570	121.000000	-56.640625	-19.531250	-31.250000	-89.355469
1700253838.858334	121.000000	50.781250	-22.949219	-34.667969	-40.527344
1700253838.862098	121.000000	25.390625	-27.343750	-29.296875	-1.464844
1700253838.865862	121.000000	-80.566406	-28.320312	-23.925781	-7.324219
1700253838.869626	121.000000	-82.031250	-32.226562	-19.042969	-4.394531
1700253838.873390	121.000000	1.953125	-35.644531	-14.648438	13.671875
1700253838.877155	121.000000	-1.464844	-35.156250	-10.253906	-28.808594
1700253838.880919	121.000000	-107.910156	-36.132812	-10.253906	-69.824219
1700253838.884658	122.000000	-94.238281	-41.992188	-13.671875	-34.667969
1700253838.888397	122.000000	2.929688	-34.667969	-14.648438	-14.648438
1700253838.892137	122.000000	31.250000	-26.367188	-14.160156	-39.550781
1700253838.895876	122.000000	-43.457031	-30.273438	-15.625000	-43.945312
1700253838.899616	122.000000	-96.679688	-34.179688	-5.371094	-20.507812
1700253838.903355	122.000000	-41.992188	-40.039062	6.835938	-8.300781
1700253838.907094	122.000000	12.207031	-39.550781	-1.464844	-5.371094
1700253838.910833	122.000000	-30.761719	-41.015625	-2.929688	-11.230469
1700253838.914573	122.000000	-104.980469	-44.921875	11.718750	2.929688
1700253838.918312	122.000000	-60.546875	-37.109375	13.671875	20.019531
1700253838.922051	122.000000	31.250000	-29.296875	-9.765625	0.976562
1700253838.925791	122.000000	22.460938	-27.343750	-16.601562	-17.089844
1700253838.929659	123.000000	-65.917969	-31.738281	15.625000	-10.742188
1700253838.933528	123.000000	-74.707031	-29.296875	28.320312	-32.714844
1700253838.937396	123.000000	-4.882812	-23.437500	31.250000	-11.230469
1700253838.941265	123.000000	9.765625	-25.390625	41.015625	4.394531
1700253838.945133	123.000000	-42.480469	-24.902344	20.507812	-51.269531
1700253838.949002	123.000000	-66.894531	-27.832031	0.976562	-80.566406
1700253838.952870	123.000000	-10.742188	-19.042969	-7.324219	-60.546875
1700253838.956738	123.000000	26.855469	-20.507812	-20.019531	-47.851562
1700253838.960607	123.000000	-19.042969	-24.414062	-23.437500	-25.878906
1700253838.964475	123.000000	-47.363281	-12.207031	-17.578125	-13.183594
1700253838.968344	123.000000	-19.531250	-18.554688	-17.089844	-10.742188
1700253838.972212	123.000000	19.042969	-25.878906	-1.953125	-41.015625
1700253838.975854	124.000000	5.371094	-20.507812	18.554688	-54.687500
1700253838.979496	124.000000	-50.781250	-14.648438	11.718750	-14.648438
1700253838.983137	124.000000	-24.414062	-10.253906	4.882812	-11.230469
1700253838.986778	124.000000	52.734375	3.417969	-0.488281	-9.277344
1700253838.990420	124.000000	46.386719	-1.464844	-18.554688	-11.718750
1700253838.994062	124.000000	-22.949219	-15.625000	-23.437500	-43.457031
1700253838.997703	124.000000	-24.902344	-16.113281	-29.785156	-53.710938
1700253839.001345	124.000000	48.339844	-5.859375	-24.902344	-4.882812
1700253839.004986	124.000000	74.707031	7.812500	-14.160156	-5.371094
1700253839.008628	124.000000	26.855469	10.742188	-18.066406	-64.941406
1700253839.012269	124.000000	-25.878906	-1.464844	-17.578125	-65.429688
1700253839.015911	124.000000	24.902344	-7.324219	-20.507812	-44.921875
1700253839.019652	125.000000	83.496094	-0.488281	-29.785156	-76.171875
1700253839.023394	125.000000	53.710938	10.253906	-43.945312	-73.730469
1700253839.027135	125.000000	-8.300781	14.160156	-51.269531	-46.386719
1700253839.030877	125.000000	6.835938	5.371094	-35.156250	-26.855469
1700253839.034618	125.000000	47.851562	5.371094	-29.785156	-58.593750
1700253839.038359	125.000000	12.695312	5.859375	-38.085938	-99.121094
1700253839.042101	125.000000	-35.156250	-0.976562	-30.761719	-85.937500
1700253839.045842	125.000000	-7.324219	-5.859375	-20.996094	-45.410156
1700253839.049583	125.000000	41.503906	-2.929688	-17.578125	-30.273438
1700253839.053325	125.000000	53.710938	-0.488281	-21.484375	-62.011719
1700253839.057066	125.000000	6.835938	5.371094	-25.878906	-47.363281
1700253839.060808	125.000000	-23.925781	-1.953125	-30.273438	-25.878906
1700253839.064565	126.000000	24.902344	-5.859375	-21.972656	-10.253906
1700253839.068322	126.000000	55.175781	-1.464844	-15.625000	-20.019531
1700253839.072079	126.000000	3.906250	-0.976562	-29.296875	-56.640625
1700253839.075837	126.000000	-42.480469	0.000000	-31.738281	-30.761719
1700253839.079594	126.000000	16.113281	0.976562	-28.808594	-11.230469
1700253839.083351	126.000000	74.218750	-5.371094	-29.296875	-14.160156
1700253839.087109	126.000000	0.488281	-13.671875	-28.808594	-20.996094
1700253839.090866	126.000000	-85.449219	-10.253906	-45.898438	-35.156250
1700253839.094623	126.000000	-70.800781	-10.742188	-52.734375	-20.996094
1700253839.098380	126.000000	1.953125	-10.253906	-39.550781	-18.066406
1700253839.102138	126.000000	11.230469	-7.324219	-35.156250	-53.222656
1700253839.105895	126.000000	-56.640625	-13.183594	-34.667969	-77.148438
1700253839.110856	127.000000	-59.082031	-11.230469	-38.085938	-75.195312
1700253839.115817	127.000000	5.859375	-8.300781	-41.992188	-37.109375
1700253839.120778	127.000000	20.996094	-16.601562	-31.738281	-28.808594
1700253839.125738	127.000000	-67.382812	-21.972656	-29.785156	-63.476562
1700253839.130699	127.000000	-76.171875	-19.042969	-32.226562	-65.429688
1700253839.135660	127.000000	-9.765625	-18.554688	-25.878906	-37.597656
1700253839.140621	127.000000	37.109375	-12.695312	-45.410156	-74.218750
1700253839.145582	127.000000	7.324219	-14.160156	-52.246094	-86.914062
1700253839.150543	127.000000	-54.687500	-21.972656	-38.574219	-49.804688
1700253839.155504	127.000000	-19.531250	-23.925781	-28.320312	-15.625000
1700253839.160465	127.000000	28.320312	-15.625000	-27.832031	-21.484375
1700253839.165426	127.000000	-15.625000	-11.718750	-43.945312	-63.964844
1700253839.169101	128.000000	-47.851562	-18.554688	-50.292969	-83.984375
1700253839.172776	128.000000	3.417969	-15.625000	-38.574219	-56.152344
1700253839.176452	128.000000	49.804688	-2.441406	-25.390625	-19.531250
1700253839.180127	128.000000	6.347656	-1.953125	-24.902344	-44.921875
1700253839.183802	128.000000	-55.664062	-10.742188	-27.832031	-61.523438
1700253839.187478	128.000000	-20.507812	-5.859375	-30.761719	-9.277344
1700253839.191153	128.000000	16.601562	-5.371094	-41.992188	28.808594
1700253839.194828	128.000000	33.203125	-10.253906	-37.597656	-19.042969
1700253839.198503	128.000000	-4.882812	-11.230469	-27.832031	-83.496094
1700253839.202178	128.000000	-35.156250	-16.601562	-26.855469	-33.691406
1700253839.205854	128.000000	6.347656	-24.902344	-19.042969	25.390625
1700253839.209529	128.000000	41.992188	-17.089844	-21.484375	-2.441406
1700253839.213498	129.000000	3.906250	-4.394531	-34.179688	-41.015625
1700253839.217467	129.000000	-52.734375	-9.277344	-34.179688	-58.593750
1700253839.221435	129.000000	-26.367188	-7.324219	-27.832031	-33.203125
1700253839.225404	129.000000	28.808594	-10.742188	-32.226562	-5.371094
1700253839.229373	129.000000	35.644531	-17.578125	-26.855469	1.953125
1700253839.233342	129.000000	-48.828125	-19.042969	-21.484375	-11.230469
1700253839.237310	129.000000	-54.199219	-17.578125	-36.621094	-13.671875
1700253839.241279	129.000000	25.390625	-20.019531	-45.898438	10.253906
1700253839.245248	129.000000	49.316406	-28.808594	-43.457031	-10.742188
1700253839.249217	129.000000	-9.765625	-21.484375	-42.480469	-19.042969
1700253839.253185	129.000000	-9.277344	-15.136719	-35.156250	16.601562
1700253839.257154	129.000000	56.152344	-13.183594	-26.855469	43.945312
1700253839.260795	130.000000	62.988281	-15.625000	-30.273438	-27.832031
1700253839.264437	130.000000	17.578125	-19.042969	-31.738281	-78.125000
1700253839.268078	130.000000	-10.253906	-20.507812	-22.949219	-49.316406
1700253839.271720	130.000000	14.160156	-18.066406	-19.042969	-2.441406
1700253839.275361	130.000000	68.847656	-10.253906	-28.320312	2.929688
1700253839.279003	130.000000	46.875000	-15.625000	-31.738281	-48.339844
1700253839.282644	130.000000	-41.503906	-19.531250	-34.179688	-63.476562
1700253839.286286	130.000000	-28.808594	-12.207031	-26.367188	-19.531250
1700253839.289927	130.000000	41.992188	-18.066406	-19.042969	16.113281
1700253839.293569	130.000000	27.832031	-20.019531	-26.367188	-13.183594
1700253839.297210	130.000000	-37.597656	-17.578125	-28.320312	-29.296875
1700253839.300852	130.000000	-26.367188	-16.113281	-25.390625	-20.019531
1700253839.304602	131.000000	12.695312	-10.253906	-29.296875	0.000000
1700253839.308352	131.000000	29.785156	-10.742188	-29.785156	-30.761719
1700253839.312102	131.000000	-12.695312	-10.253906	-39.550781	-61.523438
1700253839.315853	131.000000	-36.132812	-8.300781	-37.109375	-41.015625
1700253839.319603	131.000000	10.742188	-7.812500	-27.343750	6.347656
1700253839.323353	131.000000	21.484375	-11.230469	-26.367188	9.277344
1700253839.327103	131.000000	-17.089844	-23.925781	-21.972656	-19.042969
1700253839.330854	131.000000	-53.222656	-29.785156	-21.484375	-37.109375
1700253839.334604	131.000000	-23.925781	-28.320312	-22.460938	-12.695312
1700253839.338354	131.000000	26.367188	-22.460938	-18.066406	14.160156
1700253839.342104	131.000000	-5.859375	-11.230469	-21.484375	-15.625000
1700253839.345855	131.000000	-58.105469	-12.207031	-33.691406	-37.597656
1700253839.349611	132.000000	-22.949219	-14.160156	-39.062500	-3.417969
1700253839.353368	132.000000	5.371094	-15.625000	-32.226562	-5.859375
1700253839.357124	132.000000	12.207031	-19.531250	-21.484375	-41.015625
1700253839.360880	132.000000	-34.179688	-15.136719	-22.949219	-22.460938
1700253839.364637	132.000000	-48.828125	-16.113281	-31.250000	-8.300781
1700253839.368393	132.000000	-13.671875	-18.554688	-42.480469	2.929688
1700253839.372149	132.000000	12.207031	-15.136719	-27.832031	-34.179688
1700253839.375906	132.000000	-28.808594	-17.089844	-7.812500	-57.128906
1700253839.379662	132.000000	-53.222656	-25.390625	-12.695312	-40.039062
1700253839.383418	132.000000	-28.808594	-23.437500	-19.531250	-37.109375
1700253839.387175	132.000000	-0.488281	-19.042969	-25.390625	-41.503906
1700253839.390931	132.000000	-32.714844	-18.066406	-24.902344	-43.457031
1700253839.394688	133.000000	-71.777344	-10.742188	-28.808594	-30.273438
1700253839.398445	133.000000	-35.644531	-9.277344	-28.808594	4.882812
1700253839.402203	133.000000	17.089844	-15.136719	-33.203125	-10.742188
1700253839.405960	133.000000	18.066406	-7.812500	-42.968750	-51.269531
1700253839.409717	133.000000	-67.382812	-7.324219	-28.320312	-57.617188
1700253839.413474	133.000000	-68.359375	-15.136719	-11.230469	-25.878906
1700253839.417231	133.000000	-16.601562	-13.183594	-23.925781	-15.625000
1700253839.420988	133.000000	0.976562	-18.066406	-30.761719	-36.132812
1700253839.424745	133.000000	-42.968750	-11.230469	-22.460938	-23.437500
1700253839.428503	133.000000	-62.500000	2.441406	-29.296875	-35.644531
1700253839.432260	133.000000	3.906250	0.976562	-23.437500	-14.648438
1700253839.436017	133.000000	34.667969	2.441406	-21.972656	-35.644531
1700253839.439847	134.000000	-25.878906	-0.488281	-30.761719	-54.687500
1700253839.443676	134.000000	-51.269531	-10.253906	-29.296875	-22.460938
1700253839.447505	134.000000	-12.207031	-16.113281	-25.878906	-9.277344
1700253839.451335	134.000000	7.812500	-13.183594	-32.226562	-24.902344
1700253839.455165	134.000000	-9.277344	-12.695312	-35.156250	-39.550781
1700253839.458994	134.000000	-50.292969	-11.230469	-37.597656	-23.925781
1700253839.462824	134.000000	-39.062500	-10.253906	-34.179688	-20.019531
1700253839.466654	134.000000	6.347656	-8.300781	-25.390625	-14.160156
1700253839.470483	134.000000	10.253906	-5.859375	-26.855469	-22.460938
1700253839.474313	134.000000	-69.824219	-6.835938	-25.878906	-31.250000
1700253839.478142	134.000000	-63.476562	-8.300781	-21.972656	6.347656
1700253839.481972	134.000000	19.531250	-7.812500	-28.320312	11.718750
1700253839.486933	135.000000	35.644531	-12.207031	-37.597656	-48.828125
1700253839.491895	135.000000	-24.414062	-23.925781	-37.597656	-86.914062
1700253839.496856	135.000000	-31.250000	-21.484375	-21.484375	-77.636719
1700253839.501817	135.000000	-4.394531	-15.136719	-20.996094	-41.503906
1700253839.506779	135.000000	10.253906	-19.042969	-36.621094	-52.734375
1700253839.511740	135.000000	-28.320312	-13.671875	-43.457031	-59.570312
1700253839.516702	135.000000	-55.175781	-13.671875	-31.738281	-35.156250
1700253839.521663	135.000000	-17.089844	-16.601562	-14.160156	-36.621094
1700253839.526624	135.000000	30.761719	-20.507812	-7.812500	-41.015625
1700253839.531586	135.000000	-14.648438	-28.320312	-10.742188	-25.878906
1700253839.536547	135.000000	-60.546875	-27.343750	-19.042969	-20.996094
1700253839.541509	135.000000	-40.527344	-19.042969	-28.808594	-27.832031
1700253839.545210	136.000000	-11.718750	-19.531250	-28.808594	-11.230469
1700253839.548911	136.000000	13.183594	-21.484375	-20.019531	-10.253906
1700253839.552612	136.000000	-53.710938	-17.089844	-20.996094	-34.667969
1700253839.556313	136.000000	-39.550781	-23.925781	-25.878906	-48.828125
1700253839.560014	136.000000	12.207031	-25.390625	-29.785156	-27.832031
1700253839.563716	136.000000	3.906250	-26.367188	-30.273438	-33.203125
1700253839.567417	136.000000	-52.246094	-31.250000	-32.226562	-43.945312
1700253839.571118	136.000000	-47.363281	-20.996094	-33.691406	-7.812500
1700253839.574819	136.000000	-0.488281	-8.789062	-42.480469	19.042969
1700253839.578520	136.000000	11.718750	-18.066406	-56.152344	-28.808594
1700253839.582222	136.000000	-5.371094	-21.972656	-40.039062	-50.292969
1700253839.585923	136.000000	-35.644531	-17.089844	-19.042969	-34.179688
1700253839.589651	137.000000	0.000000	-15.625000	-11.230469	-13.671875
1700253839.593379	137.000000	29.785156	-8.789062	-9.765625	-6.835938
1700253839.597106	137.000000	-9.765625	-10.742188	-19.042969	-41.015625
1700253839.600834	137.000000	-44.433594	-20.019531	-22.949219	-39.550781
1700253839.604562	137.000000	-30.273438	-22.460938	-22.949219	-17.578125
1700253839.608290	137.000000	8.789062	-20.507812	-27.343750	-28.320312
1700253839.612018	137.000000	19.042969	-10.742188	-34.667969	-55.664062
1700253839.615746	137.000000	-11.718750	-3.906250	-30.273438	-18.554688
1700253839.619474	137.000000	-40.527344	-9.277344	-21.972656	5.371094
1700253839.623202	137.000000	-20.996094	-19.042969	-26.367188	-20.996094
1700253839.626930	137.000000	19.042969	-15.136719	-29.296875	-48.828125
1700253839.630657	137.000000	-41.015625	-6.835938	-27.832031	-36.132812
1700253839.634415	138.000000	-49.804688	-3.906250	-25.878906	-31.250000
1700253839.638173	138.000000	2.441406	-4.882812	-26.367188	-28.808594
1700253839.641931	138.000000	26.855469	-3.906250	-20.019531	-36.621094
1700253839.645689	138.000000	-6.347656	4.882812	-18.066406	-15.136719
1700253839.649447	138.000000	-55.664062	-3.417969	-28.320312	-20.996094
1700253839.653205	138.000000	-31.738281	-14.160156	-26.855469	-39.550781
1700253839.656963	138.000000	18.066406	-12.207031	-20.019531	-5.371094
1700253839.660721	138.000000	8.300781	-10.742188	-26.367188	-26.367188
1700253839.664479	138.000000	-70.312500	-14.648438	-32.226562	-52.734375
1700253839.668237	138.000000	-48.339844	-18.554688	-24.414062	-32.714844
1700253839.671995	138.000000	7.324219	-17.089844	-15.136719	3.906250
1700253839.675753	138.000000	7.324219	-15.625000	-16.113281	-17.578125
1700253839.679503	139.000000	-49.804688	-12.207031	-20.507812	-24.902344
1700253839.683253	139.000000	-37.597656	-11.230469	-22.460938	0.976562
1700253839.687002	139.000000	13.183594	-13.183594	-17.578125	-13.671875
1700253839.690752	139.000000	21.972656	-13.183594	-23.925781	-46.386719
1700253839.694502	139.000000	-15.625000	-15.625000	-30.273438	-43.945312
1700253839.698252	139.000000	-42.968750	-19.042969	-24.414062	-40.527344
1700253839.702002	139.000000	8.300781	-10.742188	-12.207031	5.859375
1700253839.705751	139.000000	56.640625	-2.441406	-12.695312	8.300781
1700253839.709501	139.000000	-6.835938	-8.300781	-27.343750	-33.691406
1700253839.713251	139.000000	-47.363281	-12.695312	-32.226562	-30.761719
1700253839.717000	139.000000	2.441406	-7.324219	-35.644531	-3.417969
1700253839.720750	139.000000	51.757812	-5.371094	-36.621094	-12.695312
1700253839.724501	140.000000	30.273438	-7.324219	-24.414062	-33.691406
1700253839.728251	140.000000	-47.363281	-2.929688	-6.347656	-30.761719
1700253839.732001	140.000000	-35.644531	-3.906250	-10.742188	-12.207031
1700253839.735751	140.000000	2.929688	-13.183594	-20.019531	10.253906
1700253839.739502	140.000000	11.230469	-21.484375	-16.113281	-11.230469
1700253839.743252	140.000000	-35.644531	-20.996094	-18.554688	-4.394531
1700253839.747002	140.000000	-57.617188	-10.253906	-40.039062	-18.066406
1700253839.750752	140.000000	-9.277344	-12.695312	-48.828125	-32.226562
1700253839.754503	140.000000	0.488281	-23.925781	-27.832031	-24.414062
1700253839.758253	140.000000	-44.433594	-26.367188	-12.207031	-52.734375
1700253839.762003	140.000000	-73.730469	-22.460938	-3.417969	-33.203125
1700253839.765754	140.000000	-40.039062	-16.601562	-6.835938	-1.464844
1700253839.770878	141.000000	1.953125	-20.507812	-7.812500	-12.695312
1700253839.776002	141.000000	-25.878906	-18.066406	-15.136719	-78.125000
1700253839.781126	141.000000	-70.800781	-14.648438	-28.320312	-72.265625
1700253839.786250	141.000000	-26.855469	-16.601562	-22.949219	-20.996094
1700253839.791374	141.000000	30.761719	-12.695312	-26.855469	-47.851562
1700253839.796498	141.000000	-1.464844	-8.300781	-28.320312	-56.152344
1700253839.801622	141.000000	-66.406250	-9.765625	-16.601562	-31.738281
1700253839.806746	141.000000	-57.128906	-14.648438	-21.972656	-12.207031
1700253839.811871	141.000000	-16.601562	-17.089844	-31.250000	-12.207031
1700253839.816995	141.000000	7.324219	-16.601562	-27.343750	-26.367188
1700253839.822119	141.000000	-49.316406	-13.671875	-27.832031	-30.761719
1700253839.827243	141.000000	-55.175781	-10.253906	-25.390625	-30.761719
1700253839.830746	142.000000	-16.113281	-11.230469	-28.808594	-9.277344
1700253839.834249	142.000000	2.929688	-9.765625	-38.085938	-28.320312
1700253839.837752	142.000000	-23.437500	-1.464844	-35.644531	-26.855469
1700253839.841254	142.000000	-73.242188	-6.347656	-29.785156	2.929688
1700253839.844758	142.000000	-46.386719	-17.578125	-23.437500	0.000000
1700253839.848260	142.000000	9.765625	-12.695312	-25.390625	-30.273438
1700253839.851763	142.000000	-4.394531	-9.765625	-29.785156	-47.851562
1700253839.855266	142.000000	-46.386719	-7.324219	-32.226562	-31.738281
1700253839.858769	142.000000	-36.132812	3.906250	-27.343750	-32.226562
1700253839.862272	142.000000	9.765625	1.953125	-16.113281	-39.550781
1700253839.865775	142.000000	14.160156	-4.882812	-8.300781	-15.625000
1700253839.869278	142.000000	-61.035156	0.488281	-10.253906	12.207031
1700253839.873118	143.000000	-36.132812	8.300781	-15.136719	-1.464844
1700253839.876959	143.000000	12.207031	5.371094	-20.019531	-22.460938
1700253839.880799	143.000000	11.718750	0.976562	-30.761719	-36.132812
1700253839.884640	143.000000	-30.273438	-4.394531	-27.343750	-53.710938
1700253839.888480	143.000000	-42.968750	-1.953125	-19.531250	-20.019531
1700253839.892321	143.000000	0.488281	8.789062	-26.855469	12.207031
1700253839.896161	143.000000	31.738281	5.859375	-33.203125	-38.574219
1700253839.900002	143.000000	-4.882812	-6.347656	-28.808594	-59.570312
1700253839.903842	143.000000	-62.988281	-9.765625	-29.296875	-33.691406
1700253839.907682	143.000000	-28.320312	-5.371094	-32.714844	-13.183594
1700253839.911523	143.000000	20.996094	-3.417969	-20.507812	-17.578125
1700253839.915363	143.000000	-26.855469	4.882812	-16.113281	-61.523438
1700253839.921535	144.000000	-89.355469	5.371094	-23.925781	-67.871094
1700253839.927707	144.000000	-52.734375	1.953125	-20.996094	-34.667969
1700253839.933879	144.000000	-7.812500	-1.464844	-17.089844	-27.832031
1700253839.940052	144.000000	2.929688	-1.953125	-17.578125	-43.945312
1700253839.946224	144.000000	-60.546875	-6.347656	-20.507812	-43.457031
1700253839.952396	144.000000	-71.777344	-10.742188	-20.996094	-22.460938
1700253839.958568	144.000000	1.953125	-2.929688	-22.460938	-23.437500
1700253839.964740	144.000000	8.300781	0.000000	-26.367188	-38.574219
1700253839.970912	144.000000	-68.847656	-8.789062	-23.925781	-53.710938
1700253839.977084	144.000000	-68.359375	-10.253906	-9.765625	-30.761719
1700253839.983256	144.000000	-13.671875	5.859375	-8.789062	10.742188
1700253839.989428	144.000000	28.808594	6.347656	-18.066406	-23.925781
1700253839.992029	145.000000	-7.324219	-7.812500	-19.042969	-51.757812
1700253839.994630	145.000000	-66.406250	-11.230469	-22.460938	-33.203125
1700253839.997231	145.000000	-38.574219	-6.835938	-19.042969	-22.460938
1700253839.999832	145.000000	18.554688	0.000000	-9.765625	-26.855469
1700253840.002433	145.000000	21.972656	2.929688	-9.765625	-37.597656
1700253840.005034	145.000000	-42.480469	0.000000	-17.578125	-43.945312
1700253840.007636	145.000000	-43.457031	0.000000	-21.972656	-23.925781
1700253840.010237	145.000000	-9.765625	0.488281	-27.343750	-6.835938
1700253840.012838	145.000000	3.906250	-0.488281	-28.808594	-32.714844
1700253840.015439	145.000000	-14.160156	-0.488281	-23.925781	-42.480469
1700253840.018040	145.000000	-28.320312	-6.835938	-15.625000	-6.835938
1700253840.020641	145.000000	-0.488281	-8.300781	-15.625000	1.953125
1700253840.023131	146.000000	28.320312	-2.441406	-29.785156	-25.878906
1700253840.025622	146.000000	-2.929688	-5.859375	-26.367188	-48.339844
1700253840.028112	146.000000	-41.992188	-7.812500	-15.625000	-46.386719
1700253840.030602	146.000000	-16.601562	-10.742188	-9.277344	6.347656
1700253840.033093	146.000000	58.593750	-19.531250	-3.906250	26.855469
1700253840.035583	146.000000	24.902344	-12.207031	-13.183594	0.976562
1700253840.038074	146.000000	-59.570312	10.253906	-31.250000	-45.410156
1700253840.040564	146.000000	-19.042969	7.324219	-31.250000	-39.550781
1700253840.043054	146.000000	-0.488281	-12.695312	-21.484375	-41.015625
1700253840.045545	146.000000	-28.808594	-13.183594	-26.367188	-79.589844
1700253840.048035	146.000000	-53.222656	-13.671875	-25.878906	-53.222656
1700253840.050525	146.000000	-71.777344	-19.042969	-21.484375	-24.414062
1700253840.054310	147.000000	-28.320312	-16.113281	-25.390625	20.507812
1700253840.058094	147.000000	25.390625	-6.835938	-31.738281	-16.113281
1700253840.061878	147.000000	-42.968750	-8.789062	-34.667969	-46.386719
1700253840.065662	147.000000	-77.636719	-18.554688	-34.179688	-23.437500
1700253840.069446	147.000000	-23.925781	-19.042969	-32.714844	-29.296875
1700253840.073230	147.000000	2.441406	-23.437500	-25.878906	-27.832031
1700253840.077014	147.000000	-31.738281	-23.437500	-14.648438	-21.972656
1700253840.080799	147.000000	-72.265625	-15.625000	-19.531250	-32.714844
1700253840.084583	147.000000	-49.804688	-15.136719	-28.808594	-14.160156
1700253840.088367	147.000000	17.578125	-7.324219	-30.273438	-26.855469
1700253840.092151	147.000000	14.160156	-1.953125	-32.714844	-64.941406
1700253840.095935	147.000000	-35.156250	-3.906250	-33.203125	-40.039062
1700253840.099656	148.000000	-41.015625	-12.207031	-26.367188	-10.742188
1700253840.103378	148.000000	17.089844	-10.742188	-18.554688	-31.250000
1700253840.107099	148.000000	22.949219	3.417969	-18.066406	-52.246094
1700253840.110820	148.000000	-53.710938	6.835938	-15.136719	-39.062500
1700253840.114542	148.000000	-55.664062	8.789062	-11.718750	-35.644531
1700253840.118263	148.000000	-6.347656	10.253906	-12.207031	-13.671875
1700253840.121984	148.000000	33.691406	15.625000	-15.136719	-27.343750
1700253840.125706	148.000000	-28.320312	17.578125	-19.531250	-19.042969
1700253840.129427	148.000000	-79.101562	14.648438	-23.437500	0.488281
1700253840.133148	148.000000	-24.414062	13.671875	-21.484375	-9.765625
1700253840.136870	148.000000	25.390625	20.019531	-26.855469	-29.296875
1700253840.140591	148.000000	-11.718750	27.343750	-25.878906	-32.714844
1700253840.144352	149.000000	-47.851562	24.902344	-16.113281	-26.855469
1700253840.148113	149.000000	10.253906	29.296875	-6.347656	-5.371094
1700253840.151874	149.000000	58.105469	34.667969	-6.835938	15.136719
1700253840.155635	149.000000	21.972656	31.250000	-14.648438	-38.085938
1700253840.159396	149.000000	-22.460938	31.250000	-20.019531	-54.687500
1700253840.163157	149.000000	-0.976562	23.925781	-23.925781	-21.972656
1700253840.166917	149.000000	43.457031	15.625000	-19.042969	-26.367188
1700253840.170678	149.000000	44.921875	21.972656	-19.531250	-55.175781
1700253840.174439	149.000000	-29.296875	27.343750	-18.066406	-54.687500
1700253840.178200	149.000000	-22.460938	27.832031	-17.578125	-38.085938
1700253840.181961	149.000000	23.925781	20.996094	-24.902344	-3.906250
1700253840.185722	149.000000	20.507812	10.253906	-25.390625	-39.062500
1700253840.189478	150.000000	-34.667969	11.230469	-18.066406	-46.386719
1700253840.193233	150.000000	-34.667969	14.648438	-25.390625	-27.343750
1700253840.196989	150.000000	8.789062	15.625000	-31.250000	-41.503906
1700253840.200745	150.000000	20.019531	15.136719	-24.902344	-46.875000
1700253840.204500	150.000000	-11.230469	18.066406	-21.484375	-35.156250
1700253840.208256	150.000000	-48.339844	14.160156	-17.578125	-15.136719
1700253840.212012	150.000000	-34.667969	0.488281	-12.207031	-18.554688
1700253840.215767	150.000000	10.742188	-3.906250	-11.718750	0.976562
1700253840.219523	150.000000	-12.695312	-0.976562	-12.207031	-27.832031
1700253840.223279	150.000000	-66.406250	0.488281	-23.437500	-75.195312
1700253840.227034	150.000000	-19.042969	3.417969	-28.808594	-49.316406
1700253840.230790	150.000000	20.507812	3.906250	-15.136719	3.417969
1700253840.235733	151.000000	12.207031	-2.929688	-18.066406	-30.761719
1700253840.240676	151.000000	-49.316406	-9.277344	-22.460938	-34.667969
1700253840.245620	151.000000	-63.476562	-14.648438	-19.042969	-20.019531
1700253840.250563	151.000000	4.882812	-11.718750	-20.996094	-6.347656
1700253840.255507	151.000000	61.523438	2.441406	-21.484375	-15.136719
1700253840.260450	151.000000	-36.621094	0.488281	-19.042969	-54.687500
1700253840.265393	151.000000	-75.195312	-8.300781	-18.554688	-19.531250
1700253840.270337	151.000000	-6.347656	-6.347656	-25.390625	-22.949219
1700253840.275280	151.000000	41.503906	-0.976562	-34.667969	-34.179688
1700253840.280224	151.000000	7.324219	-3.417969	-26.855469	-11.718750
1700253840.285167	151.000000	-58.105469	-10.742188	-18.554688	-25.878906
1700253840.290110	151.000000	-46.386719	-18.066406	-18.554688	-19.042969
1700253840.293822	152.000000	6.347656	-14.648438	-19.042969	-2.929688
1700253840.297533	152.000000	22.949219	-12.695312	-29.296875	-48.828125
1700253840.301244	152.000000	-42.480469	-17.578125	-33.691406	-45.410156
1700253840.304955	152.000000	-36.132812	-20.996094	-20.996094	-26.367188
1700253840.308666	152.000000	7.324219	-29.296875	-12.207031	-24.414062
1700253840.312378	152.000000	4.394531	-27.343750	-19.042969	-32.226562
1700253840.316089	152.000000	-62.011719	-20.019531	-23.925781	-31.250000
1700253840.319800	152.000000	-70.312500	-19.042969	-23.925781	-21.972656
1700253840.323511	152.000000	-26.367188	-26.855469	-24.902344	-16.601562
1700253840.327223	152.000000	20.996094	-24.414062	-20.507812	4.882812
1700253840.330934	152.000000	-1.953125	-16.113281	-24.902344	-25.390625
1700253840.334645	152.000000	-62.500000	-15.136719	-28.320312	-33.691406
1700253840.338496	153.000000	-36.132812	-14.648438	-32.226562	12.207031
1700253840.342346	153.000000	23.437500	-12.207031	-32.226562	-1.953125
1700253840.346197	153.000000	11.718750	-10.253906	-20.996094	-26.367188
1700253840.350048	153.000000	-32.714844	-19.042969	-11.718750	-8.300781
1700253840.353898	153.000000	-15.625000	-20.507812	-9.765625	-23.925781
1700253840.357749	153.000000	31.738281	-20.507812	-27.343750	-49.804688
1700253840.361599	153.000000	22.460938	-23.925781	-40.527344	-34.667969
1700253840.365450	153.000000	-20.507812	-13.183594	-37.109375	-37.597656
1700253840.369301	153.000000	-11.718750	-19.042969	-29.296875	-39.062500
1700253840.373151	153.000000	27.343750	-26.367188	-16.601562	-0.976562
1700253840.377002	153.000000	50.781250	-25.878906	-19.042969	-13.671875
1700253840.380853	153.000000	-21.972656	-22.949219	-30.273438	-54.687500
1700253840.384591	154.000000	-51.269531	-20.996094	-25.878906	-53.710938
1700253840.388329	154.000000	-0.488281	-20.996094	-18.554688	-27.343750
1700253840.392066	154.000000	43.945312	-15.625000	-14.648438	-2.929688
1700253840.395804	154.000000	25.390625	-20.507812	-15.136719	-12.695312
1700253840.399542	154.000000	-23.437500	-26.855469	-19.531250	-5.371094
1700253840.403280	154.000000	10.253906	-21.484375	-29.785156	-7.324219
1700253840.407018	154.000000	46.386719	-19.531250	-48.828125	-50.781250
1700253840.410756	154.000000	5.859375	-23.925781	-42.968750	-55.664062
1700253840.414494	154.000000	-54.687500	-26.367188	-18.066406	-30.273438
1700253840.418232	154.000000	-18.554688	-30.273438	-14.160156	-7.324219
1700253840.421970	154.000000	34.179688	-31.250000	-27.832031	3.417969
1700253840.425708	154.000000	10.742188	-32.714844	-24.414062	-17.089844
1700253840.430680	155.000000	-54.199219	-35.156250	-12.695312	-27.343750
1700253840.435652	155.000000	-33.691406	-27.832031	-20.507812	-25.390625
1700253840.440625	155.000000	23.925781	-22.460938	-23.925781	-22.460938
1700253840.445597	155.000000	26.367188	-27.832031	-23.925781	-9.765625
1700253840.450569	155.000000	-29.296875	-35.156250	-22.460938	-41.015625
1700253840.455542	155.000000	-49.316406	-27.343750	-27.832031	-66.894531
1700253840.460514	155.000000	-22.949219	-26.855469	-37.109375	-5.371094
1700253840.465487	155.000000	-16.601562	-38.574219	-28.808594	-22.949219
1700253840.470459	155.000000	-36.621094	-29.785156	-30.761719	-73.242188
1700253840.475431	155.000000	-80.078125	-21.972656	-30.761719	-72.265625
1700253840.480403	155.000000	-46.875000	-24.414062	-24.902344	-30.273438
1700253840.485376	155.000000	24.902344	-19.531250	-28.808594	-17.089844
1700253840.487914	156.000000	0.000000	-16.601562	-28.808594	-46.386719
1700253840.490453	156.000000	-81.054688	-16.601562	-27.832031	-66.406250
1700253840.492991	156.000000	-81.542969	-21.484375	-20.507812	-61.523438
1700253840.495529	156.000000	-16.113281	-16.113281	-18.066406	-15.625000
1700253840.498067	156.000000	-22.460938	-11.230469	-27.343750	-29.296875
1700253840.500606	156.000000	-93.750000	-19.531250	-28.320312	-49.804688
1700253840.503144	156.000000	-82.031250	-17.089844	-26.855469	-49.316406
1700253840.505682	156.000000	-26.855469	-10.742188	-25.390625	-44.433594
1700253840.508221	156.000000	-16.601562	-12.695312	-27.343750	-51.757812
1700253840.510759	156.000000	-55.664062	-12.695312	-25.390625	-56.152344
1700253840.513297	156.000000	-79.101562	-12.695312	-22.949219	-46.875000
1700253840.515836	156.000000	-41.015625	-16.113281	-22.949219	0.488281
1700253840.519570	157.000000	1.464844	-19.042969	-21.972656	-3.906250
1700253840.523305	157.000000	-16.113281	-21.972656	-16.601562	-26.367188
1700253840.527040	157.000000	-71.777344	-14.648438	-18.554688	-41.015625
1700253840.530774	157.000000	-27.832031	-1.953125	-25.878906	-27.832031
1700253840.534509	157.000000	32.226562	2.929688	-34.667969	-21.972656
1700253840.538243	157.000000	-2.441406	-3.906250	-34.667969	-45.898438
1700253840.541978	157.000000	-64.453125	-9.765625	-20.996094	-39.550781
1700253840.545712	157.000000	-50.781250	-12.695312	-14.648438	-9.765625
1700253840.549447	157.000000	14.160156	-12.207031	-14.160156	7.324219
1700253840.553182	157.000000	20.507812	-12.695312	-10.742188	-41.015625
1700253840.556916	157.000000	-74.707031	-15.625000	-10.253906	-30.273438
1700253840.560651	157.000000	-62.500000	-13.183594	-13.671875	-6.835938
1700253840.564534	158.000000	-4.394531	-17.578125	-14.160156	-10.253906
1700253840.568417	158.000000	22.460938	-24.414062	-13.183594	-11.230469
1700253840.572299	158.000000	-29.296875	-18.554688	-18.066406	-38.574219
1700253840.576182	158.000000	-88.867188	-14.160156	-16.601562	-37.597656
1700253840.580065	158.000000	-45.898438	-19.531250	-16.601562	-10.742188
1700253840.583948	158.000000	12.207031	-27.343750	-26.855469	-14.648438
1700253840.587830	158.000000	-15.625000	-25.878906	-30.273438	-7.324219
1700253840.591713	158.000000	-70.800781	-21.972656	-19.531250	-5.371094
1700253840.595596	158.000000	-62.988281	-19.531250	-13.671875	-15.625000
1700253840.599478	158.000000	-18.066406	-17.578125	-14.648438	-32.714844
1700253840.603361	158.000000	-9.277344	-11.718750	-18.554688	-35.156250
1700253840.607244	158.000000	-66.894531	-11.718750	-16.113281	-9.277344
1700253840.611997	159.000000	-34.179688	-15.625000	-12.207031	-20.996094
1700253840.616749	159.000000	7.324219	-12.695312	-19.042969	-29.785156
1700253840.621502	159.000000	14.160156	-4.882812	-13.671875	-20.996094
1700253840.626255	159.000000	-45.898438	0.488281	-12.207031	-17.089844
1700253840.631007	159.000000	-52.734375	-3.906250	-19.042969	-26.855469
1700253840.635760	159.000000	0.000000	-4.394531	-16.601562	-21.972656
1700253840.640513	159.000000	35.644531	-7.812500	-10.253906	-29.785156
1700253840.645266	159.000000	-12.695312	-13.671875	-6.347656	-9.277344
1700253840.650018	159.000000	-63.476562	-11.230469	-9.765625	-11.718750
1700253840.654771	159.000000	0.000000	-3.906250	-14.160156	9.277344
1700253840.659524	159.000000	33.203125	-6.835938	-14.648438	24.414062
1700253840.664276	159.000000	1.464844	-12.695312	-13.671875	-16.113281
1700253840.669365	160.000000	-50.292969	-9.765625	-17.578125	1.464844
1700253840.674454	160.000000	-8.789062	-6.835938	-19.531250	-29.296875
1700253840.679543	160.000000	34.179688	-9.765625	-15.136719	-39.062500
1700253840.684633	160.000000	17.578125	-6.347656	-23.437500	-16.113281
1700253840.689722	160.000000	-28.320312	-6.347656	-23.437500	-24.902344
1700253840.694810	160.000000	-27.832031	-10.253906	-20.019531	-33.203125
1700253840.699899	160.000000	10.253906	-7.812500	-25.390625	-27.343750
1700253840.704988	160.000000	30.273438	-4.394531	-23.925781	-43.457031
1700253840.710078	160.000000	-18.066406	-3.906250	-31.250000	-70.800781
1700253840.715167	160.000000	-57.128906	-11.718750	-26.855469	-62.988281
1700253840.720256	160.000000	-17.578125	-15.625000	-13.183594	-13.671875
1700253840.725345	160.000000	58.105469	-8.789062	-20.996094	-28.320312
1700253840.729000	161.000000	-9.765625	-12.695312	-24.902344	-66.406250
1700253840.732655	161.000000	-94.726562	-14.160156	-23.925781	-45.898438
1700253840.736310	161.000000	-41.015625	-7.812500	-25.878906	-31.250000
1700253840.739966	161.000000	15.625000	-3.417969	-25.390625	-7.812500
1700253840.743621	161.000000	-26.855469	-5.859375	-23.925781	-33.691406
1700253840.747276	161.000000	-92.285156	-9.765625	-20.996094	-60.058594
1700253840.750932	161.000000	-55.175781	-3.417969	-21.972656	-38.574219
1700253840.754587	161.000000	-9.277344	-2.441406	-20.996094	-65.917969
1700253840.758242	161.000000	-9.765625	0.488281	-24.414062	-62.500000
1700253840.761897	161.000000	-77.148438	3.417969	-29.785156	-33.203125
1700253840.765553	161.000000	-82.031250	5.371094	-23.437500	-65.429688
1700253840.769208	161.000000	-27.343750	12.207031	-16.601562	-72.753906
1700253840.773089	162.000000	-3.417969	8.789062	-12.207031	-66.894531
1700253840.776971	162.000000	-69.824219	8.789062	-9.765625	-73.730469
1700253840.780853	162.000000	-105.957031	21.972656	-14.648438	-68.359375
1700253840.784734	162.000000	-45.410156	30.273438	-8.789062	-41.015625
1700253840.788616	162.000000	-7.324219	28.808594	-4.394531	-20.996094
1700253840.792497	162.000000	-29.296875	21.484375	-13.183594	-58.593750
1700253840.796379	162.000000	-81.054688	23.437500	-17.089844	-35.156250
1700253840.800261	162.000000	-22.949219	36.132812	-23.925781	-20.507812
1700253840.804142	162.000000	29.785156	36.621094	-28.320312	-21.972656
1700253840.808024	162.000000	-31.250000	29.785156	-29.785156	-7.812500
1700253840.811905	162.000000	-69.335938	36.621094	-31.250000	-42.968750
1700253840.815787	162.000000	-3.906250	43.945312	-26.855469	-64.941406
1700253840.818299	163.000000	72.265625	48.828125	-27.832031	0.000000
1700253840.820810	163.000000	49.804688	48.828125	-20.507812	-34.179688
1700253840.823322	163.000000	-14.648438	47.851562	-10.742188	-67.382812
1700253840.825834	163.000000	-19.531250	53.710938	-14.648438	-50.292969
1700253840.828345	163.000000	11.718750	60.058594	-20.019531	-48.339844
1700253840.830857	163.000000	72.753906	58.593750	-13.671875	-38.574219
1700253840.833369	163.000000	30.273438	56.640625	-9.277344	-53.710938
1700253840.835880	163.000000	-27.832031	52.246094	-13.671875	-39.550781
1700253840.838392	163.000000	27.832031	53.710938	-14.160156	-5.371094
1700253840.840904	163.000000	57.617188	58.593750	-14.160156	-41.992188
1700253840.843415	163.000000	34.667969	58.593750	-12.695312	-89.355469
1700253840.845927	163.000000	10.742188	62.011719	-4.394531	-49.804688
1700253840.849791	164.000000	32.226562	55.664062	0.976562	-12.207031
1700253840.853656	164.000000	63.476562	53.222656	-6.347656	-26.855469
1700253840.857520	164.000000	56.640625	64.453125	-17.089844	-67.871094
1700253840.861384	164.000000	-3.906250	61.523438	-18.066406	-62.500000
1700253840.865249	164.000000	4.882812	48.339844	-16.113281	-59.082031
1700253840.869113	164.000000	63.964844	45.410156	-22.460938	-49.804688
1700253840.872977	164.000000	75.683594	47.851562	-21.484375	-36.621094
1700253840.876842	164.000000	-15.625000	41.015625	-18.554688	-46.386719
1700253840.880706	164.000000	-35.644531	38.085938	-18.066406	-43.945312
1700253840.884571	164.000000	43.945312	44.921875	-20.019531	-32.226562
1700253840.888435	164.000000	64.453125	42.968750	-20.996094	-63.476562
1700253840.892299	164.000000	18.554688	35.156250	-21.484375	-70.800781
1700253840.895924	165.000000	-11.718750	36.132812	-27.832031	-57.617188
1700253840.899548	165.000000	2.929688	40.039062	-26.367188	-56.152344
1700253840.903172	165.000000	31.738281	35.156250	-18.066406	-48.339844
1700253840.906796	165.000000	13.183594	35.644531	-20.507812	-86.425781
1700253840.910420	165.000000	-65.917969	42.480469	-24.902344	-99.609375
1700253840.914044	165.000000	-68.359375	41.503906	-23.925781	-69.335938
1700253840.917668	165.000000	-16.601562	48.339844	-28.320312	-61.035156
1700253840.921293	165.000000	-1.953125	53.710938	-23.437500	-77.636719
1700253840.924917	165.000000	-62.988281	57.128906	-20.507812	-95.214844
1700253840.928541	165.000000	-64.453125	57.617188	-25.390625	-100.585938
1700253840.932165	165.000000	-14.160156	62.988281	-19.042969	-95.703125
1700253840.935789	165.000000	-27.343750	71.777344	-17.578125	-99.609375
1700253840.939546	166.000000	-82.031250	63.964844	-15.136719	-101.074219
1700253840.943302	166.000000	-96.191406	67.382812	-12.207031	-99.121094
1700253840.947059	166.000000	-18.554688	76.660156	-18.066406	-88.867188
1700253840.950815	166.000000	0.000000	81.054688	-25.878906	-124.023438
1700253840.954572	166.000000	-48.828125	90.820312	-23.437500	-139.160156
1700253840.958329	166.000000	-82.519531	86.914062	-16.601562	-101.074219
1700253840.962085	166.000000	-70.800781	78.125000	-12.695312	-80.078125
1700253840.965842	166.000000	10.253906	78.613281	-19.531250	-80.078125
1700253840.969599	166.000000	0.000000	88.378906	-22.949219	-115.234375
1700253840.973355	166.000000	-75.683594	92.773438	-21.972656	-116.210938
1700253840.977112	166.000000	-66.894531	77.148438	-26.855469	-104.492188
1700253840.980868	166.000000	-46.386719	67.382812	-22.949219	-101.074219
1700253840.985824	167.000000	-42.480469	64.941406	-18.554688	-102.539062
1700253840.990780	167.000000	-98.144531	71.289062	-25.878906	-112.304688
1700253840.995735	167.000000	-104.003906	68.847656	-25.390625	-111.328125
1700253841.000691	167.000000	-72.265625	54.199219	-18.066406	-80.566406
1700253841.005647	167.000000	-27.832031	56.640625	-16.113281	-89.843750
1700253841.010602	167.000000	-97.656250	75.683594	-27.832031	-115.722656
1700253841.015558	167.000000	-180.175781	90.332031	-38.574219	-129.882812
1700253841.020514	167.000000	-121.582031	88.867188	-36.621094	-113.769531
1700253841.025470	167.000000	-83.496094	83.984375	-37.597656	-115.234375
1700253841.030426	167.000000	-115.234375	90.820312	-38.085938	-152.343750
1700253841.035381	167.000000	-188.964844	90.332031	-33.691406	-111.328125
1700253841.040337	167.000000	-175.292969	81.054688	-34.179688	-97.167969
1700253841.044127	168.000000	-101.562500	85.937500	-37.597656	-111.816406
1700253841.047917	168.000000	-79.589844	89.843750	-41.015625	-101.562500
1700253841.051707	168.000000	-150.878906	83.984375	-42.480469	-116.699219
1700253841.055497	168.000000	-168.457031	77.148438	-50.292969	-123.535156
1700253841.059288	168.000000	-94.238281	78.613281	-53.710938	-102.050781
1700253841.063077	168.000000	-76.660156	83.496094	-54.687500	-99.609375
1700253841.066868	168.000000	-175.781250	77.636719	-55.664062	-135.253906
1700253841.070658	168.000000	-179.687500	69.824219	-54.199219	-117.187500
1700253841.074448	168.000000	-97.656250	68.847656	-65.917969	-96.679688
1700253841.078238	168.000000	-84.472656	71.289062	-70.312500	-103.027344
1700253841.082028	168.000000	-127.441406	68.847656	-61.035156	-88.378906
1700253841.085818	168.000000	-156.738281	66.406250	-57.128906	-101.074219
1700253841.089553	169.000000	-113.281250	68.359375	-69.824219	-79.101562
1700253841.093288	169.000000	-58.593750	70.312500	-72.265625	-66.406250
1700253841.097023	169.000000	-95.703125	82.031250	-70.800781	-80.078125
1700253841.100758	169.000000	-164.550781	90.820312	-70.800781	-53.710938
1700253841.104493	169.000000	-130.859375	93.261719	-68.847656	-39.550781
1700253841.108227	169.000000	-68.847656	106.445312	-70.800781	-57.617188
1700253841.111962	169.000000	-83.984375	116.699219	-70.800781	-63.964844
1700253841.115697	169.000000	-128.417969	124.511719	-72.753906	-70.312500
1700253841.119432	169.000000	-126.464844	137.207031	-79.101562	-56.152344
1700253841.123167	169.000000	-56.640625	141.113281	-72.265625	-7.812500
1700253841.126902	169.000000	-18.554688	148.925781	-70.312500	-25.878906
1700253841.130637	169.000000	-97.656250	148.925781	-73.242188	-51.757812
1700253841.134460	170.000000	-102.539062	152.832031	-73.242188	-40.527344
1700253841.138283	170.000000	-36.621094	160.156250	-74.707031	-16.113281
1700253841.142107	170.000000	29.296875	166.992188	-74.707031	-16.601562
1700253841.145930	170.000000	-33.691406	175.781250	-81.054688	-38.574219
1700253841.149753	170.000000	-149.414062	169.433594	-77.148438	-33.203125
1700253841.153576	170.000000	-82.031250	160.644531	-68.359375	-16.601562
1700253841.157400	170.000000	-18.554688	155.273438	-75.683594	-7.812500
1700253841.161223	170.000000	-94.238281	155.761719	-82.519531	-16.113281
1700253841.165046	170.000000	-135.253906	160.644531	-89.355469	-19.042969
1700253841.168869	170.000000	-84.472656	163.085938	-94.238281	-24.414062
1700253841.172693	170.000000	4.882812	161.132812	-92.773438	-46.386719
1700253841.176516	170.000000	2.441406	159.667969	-90.820312	-70.800781
1700253841.180200	171.000000	-121.093750	156.250000	-90.820312	-62.500000
1700253841.183883	171.000000	-93.261719	151.855469	-93.261719	-52.246094
1700253841.187567	171.000000	10.742188	158.203125	-97.167969	-50.292969
1700253841.191251	171.000000	16.601562	167.968750	-98.144531	-50.292969
1700253841.194935	171.000000	-63.964844	172.363281	-88.378906	-93.261719
1700253841.198618	171.000000	-120.605469	178.222656	-83.984375	-104.003906
1700253841.202302	171.000000	-67.871094	182.617188	-83.984375	-87.402344
1700253841.205986	171.000000	25.878906	189.941406	-83.984375	-73.730469
1700253841.209670	171.000000	-26.855469	191.894531	-85.449219	-49.316406
1700253841.213353	171.000000	-101.562500	194.335938	-89.355469	-115.234375
1700253841.217037	171.000000	-30.273438	195.312500	-86.425781	-153.320312
1700253841.220721	171.000000	74.218750	190.917969	-80.078125	-97.656250
1700253841.224486	172.000000	19.531250	192.382812	-80.078125	-52.246094
1700253841.228251	172.000000	-62.988281	192.382812	-75.195312	-66.894531
1700253841.232015	172.000000	-46.386719	188.964844	-75.683594	-78.125000
1700253841.235780	172.000000	10.253906	196.777344	-79.101562	-69.335938
1700253841.239545	172.000000	0.488281	206.542969	-71.289062	-101.074219
1700253841.243309	172.000000	-91.308594	204.101562	-66.894531	-131.835938
1700253841.247074	172.000000	-118.164062	190.429688	-56.640625	-122.558594
1700253841.250839	172.000000	-16.113281	193.359375	-58.593750	-90.820312
1700253841.254604	172.000000	21.484375	205.078125	-66.894531	-107.421875
1700253841.258369	172.000000	-76.171875	199.218750	-58.593750	-106.445312
1700253841.262134	172.000000	-91.308594	204.101562	-51.269531	-83.007812
1700253841.265898	172.000000	-33.691406	212.890625	-49.316406	-129.882812
1700253841.269649	173.000000	18.066406	210.937500	-44.433594	-121.093750
1700253841.273399	173.000000	-26.855469	214.355469	-48.339844	-116.699219
1700253841.277149	173.000000	-113.281250	215.332031	-50.781250	-110.351562
1700253841.280899	173.000000	-55.175781	215.332031	-44.433594	-101.562500
1700253841.284649	173.000000	19.531250	222.656250	-51.757812	-123.046875
1700253841.288399	173.000000	-44.921875	226.562500	-56.640625	-145.507812
1700253841.292149	173.000000	-93.750000	219.238281	-48.828125	-166.992188
1700253841.295899	173.000000	-58.105469	219.238281	-46.875000	-146.484375
1700253841.299649	173.000000	-4.394531	221.679688	-48.339844	-94.726562
1700253841.303399	173.000000	-11.230469	218.261719	-42.480469	-125.488281
1700253841.307149	173.000000	-125.000000	215.820312	-37.597656	-166.503906
1700253841.310899	173.000000	-130.859375	209.472656	-38.574219	-171.386719
1700253841.314638	174.000000	-31.738281	208.984375	-37.109375	-173.339844
1700253841.318376	174.000000	-18.554688	210.937500	-31.250000	-156.250000
1700253841.322115	174.000000	-97.167969	212.402344	-30.761719	-154.785156
1700253841.325853	174.000000	-137.207031	208.007812	-33.203125	-193.847656
1700253841.329592	174.000000	-67.871094	194.824219	-36.132812	-160.156250
1700253841.333330	174.000000	-11.718750	188.476562	-41.992188	-155.273438
1700253841.337069	174.000000	-82.519531	180.664062	-39.062500	-199.218750
1700253841.340807	174.000000	-166.992188	169.921875	-40.039062	-158.203125
1700253841.344546	174.000000	-99.121094	166.503906	-41.992188	-181.640625
1700253841.348284	174.000000	-3.417969	157.226562	-39.062500	-186.523438
1700253841.352023	174.000000	-56.152344	148.437500	-37.109375	-182.617188
1700253841.355762	174.000000	-110.839844	154.296875	-34.667969	-178.710938
1700253841.360615	175.000000	-74.218750	165.039062	-33.203125	-166.503906
1700253841.365468	175.000000	-57.617188	171.875000	-28.808594	-153.320312
1700253841.370321	175.000000	-74.218750	184.570312	-32.226562	-176.269531
1700253841.375174	175.000000	-142.578125	190.917969	-34.667969	-195.800781
1700253841.380027	175.000000	-165.527344	180.664062	-28.320312	-167.968750
1700253841.384881	175.000000	-60.058594	181.152344	-35.644531	-103.027344
1700253841.389734	175.000000	-42.480469	180.175781	-34.667969	-121.582031
1700253841.394587	175.000000	-165.527344	180.175781	-27.832031	-156.250000
1700253841.399440	175.000000	-186.035156	194.335938	-27.832031	-137.695312
1700253841.404293	175.000000	-108.886719	209.472656	-28.808594	-142.578125
1700253841.409146	175.000000	-70.312500	206.054688	-21.484375	-159.179688
1700253841.414000	175.000000	-124.511719	200.683594	-20.996094	-173.339844
1700253841.417774	176.000000	-211.914062	202.148438	-22.949219	-167.968750
1700253841.421548	176.000000	-156.250000	203.125000	-19.042969	-141.113281
1700253841.425322	176.000000	-76.660156	205.566406	-16.601562	-127.929688
1700253841.429096	176.000000	-123.046875	206.542969	-14.160156	-160.156250
1700253841.432871	176.000000	-208.984375	210.937500	-17.089844	-170.410156
1700253841.436645	176.000000	-157.714844	220.214844	-23.925781	-162.597656
1700253841.440419	176.000000	-74.707031	229.980469	-20.996094	-176.269531
1700253841.444193	176.000000	-76.660156	234.375000	-13.671875	-195.312500
1700253841.447968	176.000000	-125.000000	236.328125	-19.042969	-200.195312
1700253841.451742	176.000000	-114.257812	229.003906	-20.507812	-185.546875
1700253841.455516	176.000000	-21.972656	222.656250	-20.507812	-144.042969
1700253841.459290	176.000000	-1.953125	228.515625	-33.691406	-169.433594
1700253841.463159	177.000000	-83.007812	227.539062	-25.390625	-183.593750
1700253841.467028	177.000000	-162.109375	233.886719	-24.902344	-178.222656
1700253841.470896	177.000000	-82.031250	232.910156	-35.644531	-163.085938
1700253841.474765	177.000000	7.324219	223.144531	-32.714844	-165.527344
1700253841.478634	177.000000	-78.613281	209.960938	-26.367188	-179.687500
1700253841.482502	177.000000	-151.367188	205.078125	-20.996094	-166.992188
1700253841.486371	177.000000	-87.890625	216.796875	-37.597656	-162.109375
1700253841.490240	177.000000	-6.835938	214.843750	-40.039062	-155.273438
1700253841.494109	177.000000	-42.968750	206.054688	-34.179688	-168.457031
1700253841.497978	177.000000	-131.347656	198.242188	-30.273438	-163.085938
1700253841.501846	177.000000	-132.812500	191.894531	-27.832031	-159.179688
1700253841.505715	177.000000	-50.781250	184.082031	-29.785156	-161.132812
1700253841.509464	178.000000	-41.503906	177.734375	-30.761719	-151.855469
1700253841.513213	178.000000	-138.671875	171.875000	-36.132812	-138.671875
1700253841.516962	178.000000	-188.964844	173.339844	-37.109375	-141.601562
1700253841.520711	178.000000	-111.816406	179.199219	-39.550781	-162.597656
1700253841.524460	178.000000	-55.175781	174.804688	-36.621094	-160.156250
1700253841.528209	178.000000	-92.773438	175.292969	-37.109375	-145.507812
1700253841.531958	178.000000	-172.851562	174.316406	-33.691406	-168.945312
1700253841.535707	178.000000	-128.417969	174.316406	-29.785156	-165.039062
1700253841.539456	178.000000	-48.828125	179.687500	-34.179688	-125.976562
1700253841.543205	178.000000	-134.277344	168.945312	-32.226562	-176.757812
1700253841.546954	178.000000	-173.339844	171.386719	-31.250000	-196.777344
1700253841.550703	178.000000	-128.417969	187.011719	-33.691406	-190.429688
1700253841.555700	179.000000	-134.765625	194.824219	-26.367188	-194.824219
1700253841.560697	179.000000	-147.460938	202.148438	-22.949219	-211.425781
1700253841.565694	179.000000	-213.867188	208.496094	-23.925781	-235.351562
1700253841.570691	179.000000	-233.886719	213.867188	-23.437500	-235.839844
1700253841.575688	179.000000	-137.695312	223.144531	-24.902344	-230.957031
1700253841.580685	179.000000	-92.773438	231.933594	-28.320312	-241.699219
1700253841.585682	179.000000	-169.433594	238.769531	-30.761719	-256.835938
1700253841.590679	179.000000	-208.984375	245.605469	-25.878906	-276.367188
1700253841.595675	179.000000	-135.253906	257.324219	-23.437500	-278.320312
1700253841.600672	179.000000	-68.847656	272.949219	-26.367188	-288.085938
1700253841.605669	179.000000	-96.679688	278.320312	-20.996094	-285.644531
1700253841.610667	179.000000	-150.878906	282.226562	-20.019531	-267.578125
1700253841.614272	180.000000	-143.554688	294.433594	-22.949219	-264.160156
1700253841.617877	180.000000	-63.476562	291.503906	-20.996094	-284.179688
1700253841.621483	180.000000	-79.101562	283.203125	-20.996094	-271.972656
1700253841.625088	180.000000	-168.945312	292.968750	-26.855469	-260.253906
1700253841.628693	180.000000	-142.578125	296.875000	-35.644531	-264.160156
1700253841.632299	180.000000	-48.339844	288.574219	-38.085938	-224.121094
1700253841.635904	180.000000	-66.406250	285.644531	-36.621094	-242.675781
1700253841.639509	180.000000	-158.691406	288.574219	-41.015625	-237.792969
1700253841.643115	180.000000	-156.738281	288.085938	-41.015625	-228.027344
1700253841.646720	180.000000	-55.175781	289.062500	-38.574219	-235.839844
1700253841.650326	180.000000	-44.921875	295.410156	-48.339844	-231.933594
1700253841.653931	180.000000	-125.488281	297.363281	-49.316406	-224.121094
1700253841.656570	181.000000	-155.273438	295.898438	-48.339844	-200.683594
1700253841.659208	181.000000	-82.031250	294.921875	-49.804688	-191.406250
1700253841.661847	181.000000	0.488281	296.386719	-53.710938	-213.378906
1700253841.664486	181.000000	-92.773438	295.410156	-62.988281	-234.863281
1700253841.667125	181.000000	-181.152344	289.550781	-59.570312	-231.933594
1700253841.669763	181.000000	-117.675781	289.062500	-59.570312	-249.511719
1700253841.672402	181.000000	-40.039062	289.062500	-65.429688	-214.843750
1700253841.675041	181.000000	-66.894531	281.250000	-59.082031	-207.031250
1700253841.677680	181.000000	-147.460938	271.484375	-56.152344	-261.718750
1700253841.680318	181.000000	-144.531250	268.554688	-64.941406	-246.093750
1700253841.682957	181.000000	-87.890625	280.761719	-68.359375	-225.097656
1700253841.685596	181.000000	-104.980469	287.109375	-70.312500	-245.117188
1700253841.689468	182.000000	-188.476562	276.367188	-71.777344	-228.515625
1700253841.693341	182.000000	-180.664062	285.644531	-73.730469	-236.328125
1700253841.697213	182.000000	-104.492188	290.039062	-80.078125	-268.554688
1700253841.701085	182.000000	-124.023438	266.113281	-78.125000	-280.273438
1700253841.704957	182.000000	-262.207031	247.558594	-77.636719	-300.292969
1700253841.708830	182.000000	-289.550781	232.910156	-74.707031	-306.152344
1700253841.712702	182.000000	-169.433594	225.585938	-77.636719	-284.179688
1700253841.716575	182.000000	-90.332031	217.285156	-83.984375	-295.898438
1700253841.720447	182.000000	-161.621094	208.007812	-85.937500	-340.332031
1700253841.724319	182.000000	-249.511719	208.496094	-92.773438	-320.312500
1700253841.728192	182.000000	-221.191406	204.589844	-92.285156	-281.738281
1700253841.732064	182.000000	-177.246094	193.847656	-87.890625	-283.691406
1700253841.736943	183.000000	-220.214844	191.894531	-84.472656	-312.500000
1700253841.741823	183.000000	-311.035156	191.406250	-84.472656	-310.058594
1700253841.746703	183.000000	-327.148438	180.664062	-90.820312	-340.332031
1700253841.751582	183.000000	-201.171875	176.757812	-92.285156	-321.777344
1700253841.756462	183.000000	-183.593750	181.640625	-94.726562	-321.289062
1700253841.761342	183.000000	-296.386719	180.175781	-95.703125	-316.406250
1700253841.766221	183.000000	-328.125000	167.968750	-88.378906	-249.511719
1700253841.771101	183.000000	-249.511719	164.062500	-88.378906	-265.136719
1700253841.775980	183.000000	-197.753906	166.015625	-92.285156	-301.757812
1700253841.780860	183.000000	-248.046875	164.550781	-96.679688	-283.203125
1700253841.785739	183.000000	-300.781250	159.667969	-104.003906	-273.437500
1700253841.790619	183.000000	-241.210938	139.160156	-99.121094	-265.625000
1700253841.794325	184.000000	-163.574219	129.882812	-98.144531	-267.089844
1700253841.798031	184.000000	-210.937500	124.023438	-94.238281	-245.605469
1700253841.801737	184.000000	-277.343750	101.562500	-84.472656	-189.453125
1700253841.805443	184.000000	-254.882812	92.773438	-92.773438	-184.082031
1700253841.809149	184.000000	-173.339844	95.214844	-101.074219	-156.250000
1700253841.812854	184.000000	-184.570312	85.937500	-102.539062	-186.035156
1700253841.816560	184.000000	-284.667969	74.707031	-102.539062	-148.925781
1700253841.820266	184.000000	-302.734375	63.476562	-102.050781	-99.609375
1700253841.823972	184.000000	-195.312500	53.710938	-99.121094	-113.769531
1700253841.827678	184.000000	-157.714844	49.804688	-94.238281	-104.003906
1700253841.831384	184.000000	-263.183594	48.339844	-95.214844	-63.476562
1700253841.835090	184.000000	-298.339844	41.015625	-101.074219	-57.617188
1700253841.838900	185.000000	-193.847656	23.925781	-97.167969	-53.710938
1700253841.842710	185.000000	-119.628906	17.089844	-95.703125	-35.644531
1700253841.846521	185.000000	-217.773438	13.671875	-98.144531	-41.503906
1700253841.850331	185.000000	-291.015625	2.441406	-94.726562	-32.226562
1700253841.854141	185.000000	-203.613281	-13.671875	-97.167969	-11.718750
1700253841.857952	185.000000	-181.640625	-30.761719	-101.562500	3.906250
1700253841.861762	185.000000	-268.554688	-46.386719	-100.097656	9.765625
1700253841.865572	185.000000	-318.847656	-46.386719	-102.539062	26.855469
1700253841.869382	185.000000	-262.695312	-48.828125	-101.074219	49.804688
1700253841.873193	185.000000	-167.968750	-61.523438	-93.750000	61.035156
1700253841.877003	185.000000	-198.242188	-60.058594	-97.656250	75.683594
1700253841.880813	185.000000	-289.550781	-66.894531	-103.027344	75.683594
1700253841.884548	186.000000	-294.433594	-79.101562	-105.957031	70.312500
1700253841.888283	186.000000	-202.636719	-92.285156	-104.980469	107.910156
1700253841.892018	186.000000	-192.871094	-99.609375	-101.562500	87.402344
1700253841.895753	186.000000	-291.992188	-110.839844	-96.679688	86.425781
1700253841.899487	186.000000	-303.222656	-121.093750	-89.355469	110.351562
1700253841.903222	186.000000	-205.078125	-117.675781	-96.191406	70.312500
1700253841.906957	186.000000	-147.949219	-134.277344	-100.585938	62.011719
1700253841.910692	186.000000	-226.074219	-149.414062	-101.074219	86.425781
1700253841.914427	186.000000	-291.503906	-143.554688	-104.492188	105.957031
1700253841.918162	186.000000	-227.539062	-153.320312	-101.074219	90.332031
1700253841.921896	186.000000	-120.605469	-164.062500	-102.050781	89.355469
1700253841.925631	186.000000	-142.089844	-168.945312	-97.167969	98.632812
1700253841.929395	187.000000	-232.421875	-174.804688	-92.285156	110.351562
1700253841.933158	187.000000	-209.472656	-179.687500	-94.726562	130.371094
1700253841.936922	187.000000	-127.441406	-174.804688	-94.726562	104.492188
1700253841.940685	187.000000	-139.648438	-167.480469	-93.750000	62.500000
1700253841.944448	187.000000	-227.539062	-166.015625	-93.750000	71.289062
1700253841.948212	187.000000	-219.726562	-158.203125	-93.261719	81.054688
1700253841.951976	187.000000	-129.882812	-154.785156	-88.378906	77.148438
1700253841.955739	187.000000	-115.234375	-155.273438	-88.867188	41.015625
1700253841.959502	187.000000	-210.937500	-154.296875	-85.937500	52.734375
1700253841.963266	187.000000	-252.929688	-144.531250	-79.101562	35.156250
1700253841.967029	187.000000	-167.480469	-123.046875	-81.054688	44.433594
1700253841.970793	187.000000	-125.488281	-118.164062	-81.054688	51.757812
1700253841.975737	188.000000	-183.105469	-121.093750	-79.589844	5.859375
1700253841.980681	188.000000	-277.832031	-113.281250	-79.101562	-11.230469
1700253841.985626	188.000000	-282.714844	-105.957031	-81.054688	-19.531250
1700253841.990570	188.000000	-188.476562	-97.167969	-84.960938	-30.273438
1700253841.995514	188.000000	-177.734375	-97.656250	-68.847656	-10.742188
1700253842.000458	188.000000	-265.136719	-92.285156	-62.988281	42.480469
1700253842.005403	188.000000	-247.070312	-85.449219	-67.382812	-2.441406
1700253842.010347	188.000000	-153.808594	-80.566406	-75.195312	-23.925781
1700253842.015291	188.000000	-149.902344	-70.800781	-81.542969	-38.085938
1700253842.020236	188.000000	-210.449219	-61.035156	-79.589844	-57.617188
1700253842.025180	188.000000	-242.675781	-57.617188	-77.148438	-17.089844
1700253842.030124	188.000000	-159.667969	-63.964844	-72.265625	29.296875
1700253842.032671	189.000000	-122.558594	-57.617188	-72.265625	-10.253906
1700253842.035218	189.000000	-183.593750	-49.316406	-74.707031	-66.894531
1700253842.037766	189.000000	-214.843750	-50.292969	-70.312500	-61.035156
1700253842.040313	189.000000	-153.808594	-42.480469	-69.824219	-38.085938
1700253842.042860	189.000000	-66.894531	-34.179688	-73.730469	-24.902344
1700253842.045407	189.000000	-134.277344	-32.714844	-61.035156	-37.597656
1700253842.047954	189.000000	-209.960938	-40.527344	-51.269531	-65.917969
1700253842.050501	189.000000	-160.156250	-46.386719	-56.152344	-44.921875
1700253842.053048	189.000000	-67.871094	-43.945312	-57.617188	-15.136719
1700253842.055595	189.000000	-72.753906	-42.968750	-55.664062	-38.574219
1700253842.058143	189.000000	-142.578125	-45.898438	-52.734375	-53.710938
1700253842.060690	189.000000	-169.921875	-56.640625	-56.152344	-38.085938
1700253842.064445	190.000000	-104.492188	-55.175781	-59.570312	-40.039062
1700253842.068200	190.000000	-69.335938	-57.617188	-58.593750	-37.109375
1700253842.071955	190.000000	-132.812500	-72.265625	-59.082031	5.859375
1700253842.075710	190.000000	-173.339844	-70.312500	-60.058594	-0.976562
1700253842.079465	190.000000	-95.214844	-62.988281	-66.406250	-9.765625
1700253842.083220	190.000000	-12.695312	-66.406250	-68.847656	-31.250000
1700253842.086975	190.000000	-97.656250	-78.613281	-61.035156	-24.902344
1700253842.090730	190.000000	-154.785156	-74.218750	-62.500000	49.804688
1700253842.094485	190.000000	-72.753906	-62.500000	-63.964844	21.484375
1700253842.098240	190.000000	-12.695312	-71.777344	-60.546875	-30.273438
1700253842.101995	190.000000	-59.570312	-80.566406	-53.222656	9.277344
1700253842.105750	190.000000	-132.324219	-80.078125	-48.828125	30.761719
1700253842.110643	191.000000	-103.027344	-74.707031	-48.339844	39.062500
1700253842.115535	191.000000	-21.484375	-77.636719	-51.757812	45.410156
1700253842.120428	191.000000	-16.113281	-71.777344	-52.246094	58.593750
1700253842.125321	191.000000	-61.035156	-59.082031	-51.269531	59.570312
1700253842.130213	191.000000	-81.054688	-63.964844	-54.687500	43.457031
1700253842.135106	191.000000	-30.273438	-83.984375	-52.246094	25.878906
1700253842.139999	191.000000	14.648438	-88.378906	-58.105469	22.949219
1700253842.144891	191.000000	-51.757812	-73.242188	-62.500000	46.386719
1700253842.149784	191.000000	-97.167969	-65.917969	-53.710938	30.273438
1700253842.154676	191.000000	-39.062500	-65.917969	-53.222656	-10.253906
1700253842.159569	191.000000	7.812500	-66.894531	-60.058594	-7.324219
1700253842.164462	191.000000	-76.171875	-59.082031	-59.570312	9.277344
1700253842.168303	192.000000	-147.460938	-59.570312	-49.804688	30.273438
1700253842.172145	192.000000	-85.449219	-58.593750	-54.199219	16.601562
1700253842.175986	192.000000	-27.832031	-49.316406	-62.988281	-39.550781
1700253842.179828	192.000000	-67.382812	-50.781250	-61.523438	-23.437500
1700253842.183670	192.000000	-164.550781	-56.640625	-60.058594	5.371094
1700253842.187511	192.000000	-178.222656	-62.500000	-64.941406	-17.089844
1700253842.191353	192.000000	-99.121094	-58.105469	-67.871094	-17.089844
1700253842.195194	192.000000	-83.496094	-53.710938	-64.941406	6.347656
1700253842.199036	192.000000	-189.453125	-53.710938	-62.500000	-28.808594
1700253842.202878	192.000000	-220.214844	-54.199219	-66.894531	-85.449219
1700253842.206719	192.000000	-113.281250	-52.246094	-68.847656	-34.179688
1700253842.210561	192.000000	-62.011719	-43.945312	-70.312500	-27.343750
1700253842.214326	193.000000	-140.625000	-36.621094	-67.382812	-38.085938
1700253842.218092	193.000000	-178.222656	-30.273438	-68.847656	-36.132812
1700253842.221858	193.000000	-118.164062	-35.156250	-70.800781	-17.578125
1700253842.225623	193.000000	-100.585938	-42.968750	-62.988281	-20.507812
1700253842.229389	193.000000	-145.019531	-41.992188	-59.570312	-52.246094
1700253842.233154	193.000000	-183.593750	-29.296875	-62.988281	-5.371094
1700253842.236920	193.000000	-121.582031	-28.808594	-60.058594	-12.695312
1700253842.240686	193.000000	-35.644531	-33.691406	-60.546875	-55.175781
1700253842.244451	193.000000	-49.316406	-31.250000	-62.500000	-29.296875
1700253842.248217	193.000000	-171.875000	-26.367188	-64.941406	-0.976562
1700253842.251982	193.000000	-155.273438	-30.761719	-62.988281	-10.253906
1700253842.255748	193.000000	-46.386719	-46.875000	-54.687500	-15.625000
1700253842.259597	194.000000	-42.480469	-51.757812	-53.710938	-2.441406
1700253842.263447	194.000000	-118.652344	-46.386719	-54.687500	-6.347656
1700253842.267296	194.000000	-166.503906	-51.757812	-61.035156	-22.460938
1700253842.271145	194.000000	-75.195312	-62.011719	-64.453125	-21.484375
1700253842.274994	194.000000	-0.488281	-58.593750	-69.335938	-10.742188
1700253842.278843	194.000000	-85.937500	-63.476562	-72.265625	-20.019531
1700253842.282693	194.000000	-153.320312	-81.054688	-57.128906	-31.250000
1700253842.286542	194.000000	-65.429688	-80.566406	-50.292969	-4.394531
1700253842.290391	194.000000	20.019531	-71.289062	-58.593750	20.019531
1700253842.294240	194.000000	-38.085938	-73.730469	-63.964844	-12.695312
1700253842.298090	194.000000	-127.441406	-82.031250	-66.894531	-34.667969
1700253842.301939	194.000000	-68.359375	-86.914062	-64.453125	20.996094
1700253842.305594	195.000000	19.042969	-98.632812	-58.593750	36.621094
1700253842.309250	195.000000	-20.019531	-103.027344	-60.546875	-16.113281
1700253842.312905	195.000000	-80.566406	-89.355469	-62.500000	5.859375
1700253842.316560	195.000000	-68.359375	-90.820312	-59.570312	51.757812
1700253842.320216	195.000000	-9.765625	-98.632812	-61.523438	16.113281
1700253842.323871	195.000000	21.484375	-99.609375	-62.011719	-0.976562
1700253842.327527	195.000000	-41.503906	-104.980469	-60.546875	7.812500
1700253842.331182	195.000000	-108.886719	-103.515625	-61.035156	27.832031
1700253842.334837	195.000000	-32.226562	-104.980469	-62.011719	56.640625
1700253842.338493	195.000000	42.480469	-104.003906	-65.917969	-3.417969
1700253842.342148	195.000000	-23.925781	-106.933594	-66.406250	-8.789062
1700253842.345803	195.000000	-100.097656	-109.863281	-68.359375	-8.300781
1700253842.349536	196.000000	-62.500000	-111.328125	-64.941406	18.066406
1700253842.353268	196.000000	-32.714844	-124.511719	-60.058594	32.714844
1700253842.357001	196.000000	-86.914062	-122.558594	-65.917969	-61.035156
1700253842.360733	196.000000	-140.136719	-122.558594	-68.847656	-20.507812
1700253842.364465	196.000000	-127.441406	-134.277344	-63.476562	0.488281
1700253842.368198	196.000000	-39.550781	-134.765625	-65.917969	-29.785156
1700253842.371930	196.000000	-53.710938	-131.835938	-63.476562	-21.972656
1700253842.375662	196.000000	-131.835938	-130.371094	-60.546875	-17.578125
1700253842.379395	196.000000	-155.761719	-133.300781	-59.570312	-22.460938
1700253842.383127	196.000000	-110.839844	-130.371094	-64.941406	-6.347656
1700253842.386859	196.000000	-81.054688	-128.906250	-72.265625	-27.343750
1700253842.390592	196.000000	-166.015625	-132.812500	-69.824219	-78.125000
1700253842.394339	197.000000	-221.679688	-132.812500	-59.082031	-46.875000
1700253842.398087	197.000000	-148.437500	-131.347656	-54.687500	-56.640625
1700253842.401834	197.000000	-135.742188	-128.906250	-60.546875	-81.054688
1700253842.405581	197.000000	-230.957031	-124.023438	-65.917969	-74.218750
1700253842.409328	197.000000	-266.113281	-123.046875	-63.476562	-37.109375
1700253842.413075	197.000000	-183.105469	-120.605469	-61.523438	-55.664062
1700253842.416823	197.000000	-117.187500	-113.769531	-69.335938	-55.664062
1700253842.420570	197.000000	-165.039062	-108.886719	-74.218750	-46.875000
1700253842.424317	197.000000	-278.320312	-103.515625	-67.382812	-102.050781
1700253842.428065	197.000000	-241.210938	-104.003906	-67.871094	-125.976562
1700253842.431812	197.000000	-147.949219	-110.839844	-62.988281	-63.964844
1700253842.435559	197.000000	-162.597656	-102.539062	-62.988281	-43.945312
1700253842.439319	198.000000	-238.769531	-84.472656	-72.753906	-102.050781
1700253842.443079	198.000000	-217.773438	-76.660156	-62.988281	-82.031250
1700253842.446839	198.000000	-151.367188	-66.894531	-58.593750	-82.519531
1700253842.450599	198.000000	-119.628906	-64.941406	-61.523438	-106.445312
1700253842.454359	198.000000	-154.785156	-60.546875	-59.570312	-110.351562
1700253842.458118	198.000000	-197.265625	-43.457031	-60.058594	-89.843750
1700253842.461878	198.000000	-128.906250	-39.062500	-64.453125	-80.078125
1700253842.465638	198.000000	-64.453125	-40.039062	-66.406250	-107.421875
1700253842.469398	198.000000	-143.066406	-34.179688	-62.988281	-126.464844
1700253842.473158	198.000000	-212.890625	-25.390625	-62.500000	-104.980469
1700253842.476918	198.000000	-136.230469	-24.902344	-57.617188	-66.406250
1700253842.480678	198.000000	-64.941406	-26.855469	-62.988281	-71.777344
1700253842.484552	199.000000	-91.308594	-35.156250	-62.011719	-73.242188
1700253842.488426	199.000000	-176.269531	-31.250000	-58.105469	-70.312500
1700253842.492301	199.000000	-183.105469	-18.554688	-66.894531	-92.773438
1700253842.496176	199.000000	-92.285156	-20.019531	-66.406250	-64.941406
1700253842.500050	199.000000	-98.632812	-19.042969	-63.964844	-63.476562
1700253842.503924	199.000000	-180.664062	-10.253906	-67.382812	-72.265625
1700253842.507799	199.000000	-181.152344	-4.882812	-63.476562	-67.871094
1700253842.511673	199.000000	-103.515625	-12.207031	-59.082031	-63.476562
1700253842.515548	199.000000	-61.523438	-7.812500	-62.500000	-68.847656
1700253842.519422	199.000000	-148.925781	0.000000	-60.058594	-91.308594
1700253842.523297	199.000000	-185.546875	3.417969	-56.640625	-48.339844
1700253842.527171	199.000000	-118.164062	1.464844	-53.710938	-20.019531
1700253842.533356	200.000000	-57.617188	0.976562	-52.734375	-75.683594
1700253842.539541	200.000000	-126.953125	3.906250	-55.664062	-49.316406
1700253842.545725	200.000000	-232.910156	-4.394531	-52.734375	-16.113281
1700253842.551910	200.000000	-157.714844	-5.859375	-54.199219	-51.757812
1700253842.558095	200.000000	-43.945312	0.000000	-58.593750	-45.410156
1700253842.564279	200.000000	-90.820312	-4.394531	-57.128906	-63.476562
1700253842.570464	200.000000	-185.058594	-8.300781	-55.175781	-51.269531
1700253842.576648	200.000000	-214.355469	-1.953125	-68.359375	-42.480469
1700253842.582833	200.000000	-138.183594	0.976562	-73.730469	-62.011719
1700253842.589018	200.000000	-83.496094	1.953125	-60.058594	-47.851562
1700253842.595203	200.000000	-163.574219	-6.347656	-59.570312	-62.500000
1700253842.601387	200.000000	-187.500000	-10.742188	-69.824219	-86.425781
1700253842.603814	201.000000	-120.605469	-15.136719	-58.593750	-61.523438
1700253842.606241	201.000000	-72.265625	-16.601562	-53.710938	-60.058594
1700253842.608668	201.000000	-158.691406	-14.648438	-60.058594	-94.726562
1700253842.611095	201.000000	-249.023438	-21.972656	-56.640625	-72.753906
1700253842.613522	201.000000	-183.593750	-26.367188	-61.035156	-68.847656
1700253842.615949	201.000000	-97.167969	-25.390625	-65.917969	-71.289062
1700253842.618376	201.000000	-149.902344	-26.855469	-59.570312	-62.500000
1700253842.620802	201.000000	-264.648438	-29.785156	-59.082031	-76.660156
1700253842.623230	201.000000	-234.863281	-29.296875	-61.035156	-93.750000
1700253842.625656	201.000000	-147.949219	-22.949219	-56.640625	-89.843750
1700253842.628083	201.000000	-194.335938	-17.578125	-64.453125	-98.632812
1700253842.630510	201.000000	-302.734375	-20.996094	-65.429688	-97.167969
1700253842.634270	202.000000	-279.296875	-18.554688	-59.082031	-89.355469
1700253842.638030	202.000000	-187.988281	-21.484375	-62.988281	-92.773438
1700253842.641789	202.000000	-207.519531	-31.250000	-62.500000	-110.839844
1700253842.645549	202.000000	-311.035156	-27.832031	-64.453125	-130.859375
1700253842.649309	202.000000	-298.828125	-26.855469	-71.289062	-114.257812
1700253842.653069	202.000000	-202.148438	-41.015625	-68.359375	-113.769531
1700253842.656828	202.000000	-140.136719	-42.968750	-63.964844	-113.769531
1700253842.660588	202.000000	-191.894531	-37.597656	-69.824219	-103.027344
1700253842.664348	202.000000	-284.179688	-31.250000	-70.800781	-106.445312
1700253842.668108	202.000000	-260.742188	-23.925781	-67.382812	-95.703125
1700253842.671867	202.000000	-145.996094	-21.484375	-68.359375	-125.976562
1700253842.675627	202.000000	-184.570312	-21.484375	-64.453125	-169.433594
1700253842.679387	203.000000	-281.738281	-20.507812	-61.523438	-129.882812
1700253842.683146	203.000000	-254.882812	-10.253906	-69.335938	-79.101562
1700253842.686906	203.000000	-144.042969	-6.347656	-69.335938	-91.308594
1700253842.690666	203.000000	-114.257812	-9.765625	-62.988281	-105.468750
1700253842.694425	203.000000	-186.523438	-14.160156	-60.058594	-76.660156
1700253842.698185	203.000000	-210.449219	-16.113281	-57.617188	-83.984375
1700253842.701945	203.000000	-102.539062	-12.207031	-63.964844	-90.820312
1700253842.705704	203.000000	-43.457031	-8.300781	-67.382812	-98.632812
1700253842.709464	203.000000	-133.300781	-7.812500	-64.941406	-97.656250
1700253842.713224	203.000000	-209.472656	-18.554688	-65.917969	-67.871094
1700253842.716984	203.000000	-123.046875	-26.855469	-62.011719	-65.429688
1700253842.720743	203.000000	-39.550781	-19.531250	-60.058594	-73.242188
1700253842.724489	204.000000	-119.140625	-13.671875	-63.964844	-109.375000
1700253842.728235	204.000000	-161.132812	-13.671875	-69.335938	-96.679688
1700253842.731981	204.000000	-96.191406	-24.414062	-65.917969	-50.781250
1700253842.735727	204.000000	-12.695312	-27.832031	-69.335938	-55.175781
1700253842.739473	204.000000	-40.039062	-24.414062	-74.707031	-77.148438
1700253842.743218	204.000000	-129.882812	-23.925781	-66.406250	-54.199219
1700253842.746964	204.000000	-99.121094	-21.972656	-64.453125	-53.222656
1700253842.750710	204.000000	-1.953125	-33.203125	-61.523438	-19.531250
1700253842.754456	204.000000	10.742188	-33.691406	-64.453125	-26.855469
1700253842.758202	204.000000	-61.035156	-34.667969	-65.917969	-39.062500
1700253842.761948	204.000000	-104.003906	-46.875000	-55.664062	-7.324219
1700253842.765694	204.000000	7.324219	-45.410156	-59.570312	-23.437500
1700253842.769491	205.000000	83.984375	-46.875000	-67.382812	-66.406250
1700253842.773288	205.000000	-24.902344	-54.687500	-66.894531	-53.222656
1700253842.777086	205.000000	-102.050781	-60.058594	-65.917969	-2.441406
1700253842.780883	205.000000	-23.437500	-65.917969	-60.058594	23.437500
1700253842.784681	205.000000	65.917969	-57.617188	-57.128906	-16.113281
1700253842.788478	205.000000	23.925781	-50.292969	-57.617188	-38.085938
1700253842.792275	205.000000	-47.363281	-57.128906	-59.082031	0.000000
1700253842.796072	205.000000	-1.953125	-56.152344	-67.871094	-24.414062
1700253842.799870	205.000000	76.171875	-52.246094	-70.312500	-54.199219
1700253842.803667	205.000000	53.222656	-55.175781	-61.035156	-35.156250
1700253842.807465	205.000000	-63.476562	-64.453125	-53.710938	-12.207031
1700253842.811262	205.000000	-62.988281	-63.964844	-58.105469	-11.718750
1700253842.814964	206.000000	61.523438	-54.199219	-68.359375	-46.875000
1700253842.818667	206.000000	42.480469	-57.128906	-73.730469	-60.546875
1700253842.822369	206.000000	-45.410156	-66.894531	-68.847656	-22.949219
1700253842.826072	206.000000	-45.898438	-63.964844	-61.523438	-25.878906
1700253842.829774	206.000000	0.976562	-54.199219	-65.429688	-49.316406
1700253842.833477	206.000000	2.929688	-46.875000	-71.777344	-45.410156
1700253842.837179	206.000000	-69.824219	-53.710938	-71.289062	-72.265625
1700253842.840882	206.000000	-151.367188	-61.035156	-72.753906	-105.468750
1700253842.844584	206.000000	-100.097656	-62.011719	-62.500000	-74.218750
1700253842.848287	206.000000	-40.039062	-64.453125	-56.640625	-65.917969
1700253842.851990	206.000000	-129.394531	-55.664062	-62.500000	-75.195312
1700253842.855692	206.000000	-221.679688	-51.757812	-73.242188	-100.097656
1700253842.860586	207.000000	-160.156250	-47.851562	-78.613281	-118.164062
1700253842.865479	207.000000	-67.871094	-53.222656	-69.335938	-98.632812
1700253842.870373	207.000000	-51.269531	-50.781250	-63.476562	-92.285156
1700253842.875267	207.000000	-156.250000	-43.457031	-64.453125	-62.011719
1700253842.880161	207.000000	-183.105469	-53.710938	-57.128906	-55.664062
1700253842.885054	207.000000	-64.453125	-45.410156	-62.500000	-105.957031
1700253842.889948	207.000000	-57.617188	-48.339844	-74.707031	-83.984375
1700253842.894842	207.000000	-149.414062	-61.523438	-67.382812	-75.683594
1700253842.899735	207.000000	-182.617188	-59.570312	-61.523438	-110.839844
1700253842.904629	207.000000	-74.218750	-43.945312	-67.871094	-77.148438
1700253842.909523	207.000000	-8.300781	-46.386719	-65.429688	-76.660156
1700253842.914417	207.000000	-99.609375	-52.246094	-56.152344	-59.082031
1700253842.918254	208.000000	-134.765625	-36.621094	-56.152344	-57.617188
1700253842.922091	208.000000	-40.039062	-39.550781	-57.617188	-71.289062
1700253842.925929	208.000000	42.968750	-49.316406	-56.152344	-53.222656
1700253842.929766	208.000000	1.464844	-43.457031	-58.593750	-34.667969
1700253842.933604	208.000000	-91.796875	-43.945312	-64.941406	-56.152344
1700253842.937441	208.000000	-91.308594	-54.687500	-61.035156	-46.386719
1700253842.941278	208.000000	28.320312	-54.687500	-59.082031	-51.757812
1700253842.945115	208.000000	4.394531	-53.222656	-68.359375	-89.843750
1700253842.948953	208.000000	-114.257812	-52.246094	-70.800781	-55.664062
1700253842.952790	208.000000	-89.843750	-55.664062	-61.035156	-20.996094
1700253842.956627	208.000000	19.042969	-59.570312	-62.500000	-43.945312
1700253842.960465	208.000000	26.367188	-66.894531	-54.199219	-37.597656
1700253842.964233	209.000000	-68.847656	-62.988281	-52.246094	-37.597656
1700253842.968001	209.000000	-114.257812	-59.082031	-66.406250	-60.546875
1700253842.971769	209.000000	-56.152344	-66.406250	-61.035156	-27.343750
1700253842.975538	209.000000	-1.464844	-66.406250	-53.222656	-26.855469
1700253842.979306	209.000000	-76.660156	-73.242188	-50.781250	-38.574219
1700253842.983074	209.000000	-148.925781	-76.171875	-48.828125	-37.109375
1700253842.986842	209.000000	-78.613281	-68.847656	-50.781250	-34.667969
1700253842.990611	209.000000	-32.226562	-69.335938	-52.734375	-28.808594
1700253842.994379	209.000000	-96.191406	-69.824219	-59.082031	-59.570312
1700253842.998147	209.000000	-145.019531	-62.011719	-60.546875	-72.265625
1700253843.001915	209.000000	-113.281250	-63.476562	-49.804688	-57.617188
1700253843.005683	209.000000	-32.714844	-67.382812	-42.480469	-28.320312
1700253843.009434	210.000000	-41.015625	-66.406250	-41.992188	-48.828125
1700253843.013186	210.000000	-122.558594	-66.894531	-43.457031	-52.734375
1700253843.016937	210.000000	-123.535156	-65.429688	-44.921875	-44.433594
1700253843.020688	210.000000	-9.765625	-58.593750	-48.828125	-23.437500
1700253843.024439	210.000000	19.531250	-50.781250	-52.734375	-2.441406
1700253843.028190	210.000000	-68.847656	-55.664062	-52.734375	-44.433594
1700253843.031941	210.000000	-119.628906	-60.546875	-44.921875	-55.175781
1700253843.035692	210.000000	-71.777344	-57.617188	-41.015625	-26.367188
1700253843.039443	210.000000	-13.183594	-63.964844	-43.945312	-24.902344
1700253843.043194	210.000000	-74.218750	-67.382812	-43.457031	-35.644531
1700253843.046945	210.000000	-146.484375	-66.406250	-40.039062	-39.550781
1700253843.050696	210.000000	-100.585938	-66.406250	-41.015625	-25.878906
